{
  "athlete_group_holdout": {
    "0": {
      "precision": 0.7869955156950673,
      "recall": 0.8292971057294743,
      "f1-score": 0.8075927523727351,
      "support": 1693.0
    },
    "1": {
      "precision": 0.5997229916897507,
      "recall": 0.5325953259532595,
      "f1-score": 0.5641693811074918,
      "support": 813.0
    },
    "accuracy": 0.7330407023144453,
    "macro avg": {
      "precision": 0.693359253692409,
      "recall": 0.6809462158413669,
      "f1-score": 0.6858810667401134,
      "support": 2506.0
    },
    "weighted avg": {
      "precision": 0.7262403033980512,
      "recall": 0.7330407023144453,
      "f1-score": 0.7286210042328137,
      "support": 2506.0
    }
  },
  "time_external_season_ge_2023": {
    "0": {
      "precision": 0.8281089414182939,
      "recall": 0.8255635245901639,
      "f1-score": 0.8268342739866599,
      "support": 3904.0
    },
    "1": {
      "precision": 0.5047272727272727,
      "recall": 0.5091709464416728,
      "f1-score": 0.5069393718042366,
      "support": 1363.0
    },
    "accuracy": 0.74368710841086,
    "macro avg": {
      "precision": 0.6664181070727833,
      "recall": 0.6673672355159184,
      "f1-score": 0.6668868228954483,
      "support": 5267.0
    },
    "weighted avg": {
      "precision": 0.7444238807716523,
      "recall": 0.74368710841086,
      "f1-score": 0.7440515225770067,
      "support": 5267.0
    }
  },
  "random_stratified_holdout": {
    "0": {
      "precision": 0.8016129032258065,
      "recall": 0.8433257918552036,
      "f1-score": 0.8219404630650496,
      "support": 1768.0
    },
    "1": {
      "precision": 0.5665101721439749,
      "recall": 0.4952120383036936,
      "f1-score": 0.5284671532846715,
      "support": 731.0
    },
    "accuracy": 0.7414965986394558,
    "macro avg": {
      "precision": 0.6840615376848906,
      "recall": 0.6692689150794486,
      "f1-score": 0.6752038081748606,
      "support": 2499.0
    },
    "weighted avg": {
      "precision": 0.732841356038604,
      "recall": 0.7414965986394558,
      "f1-score": 0.7360945289116058,
      "support": 2499.0
    }
  }
}