{
  "athlete_group_holdout": {
    "1": {
      "precision": 0.9631675874769797,
      "recall": 0.9526411657559198,
      "f1-score": 0.9578754578754579,
      "support": 1098.0
    },
    "2": {
      "precision": 0.8307692307692308,
      "recall": 0.9230769230769231,
      "f1-score": 0.8744939271255061,
      "support": 234.0
    },
    "3": {
      "precision": 0.883495145631068,
      "recall": 0.8504672897196262,
      "f1-score": 0.8666666666666667,
      "support": 214.0
    },
    "4": {
      "precision": 0.9322033898305084,
      "recall": 0.8823529411764706,
      "f1-score": 0.9065934065934066,
      "support": 187.0
    },
    "5": {
      "precision": 0.9068181818181819,
      "recall": 0.9151376146788991,
      "f1-score": 0.910958904109589,
      "support": 436.0
    },
    "accuracy": 0.92577224527432,
    "macro avg": {
      "precision": 0.9032907071051939,
      "recall": 0.9047351868815678,
      "f1-score": 0.9033176724741253,
      "support": 2169.0
    },
    "weighted avg": {
      "precision": 0.9270266175130496,
      "recall": 0.92577224527432,
      "f1-score": 0.926028837061335,
      "support": 2169.0
    }
  },
  "time_external_season_ge_2023": {
    "1": {
      "precision": 0.9694214876033058,
      "recall": 0.929845422116528,
      "f1-score": 0.9492211207768562,
      "support": 2523.0
    },
    "2": {
      "precision": 0.8389513108614233,
      "recall": 0.883629191321499,
      "f1-score": 0.8607108549471661,
      "support": 507.0
    },
    "3": {
      "precision": 0.8684759916492694,
      "recall": 0.8438133874239351,
      "f1-score": 0.8559670781893004,
      "support": 493.0
    },
    "4": {
      "precision": 0.8253358925143954,
      "recall": 0.8793456032719836,
      "f1-score": 0.8514851485148515,
      "support": 489.0
    },
    "5": {
      "precision": 0.884113584036838,
      "recall": 0.9253012048192771,
      "f1-score": 0.9042386185243328,
      "support": 1245.0
    },
    "accuracy": 0.9115465094160168,
    "macro avg": {
      "precision": 0.8772596533330462,
      "recall": 0.8923869617906446,
      "f1-score": 0.8843245641905014,
      "support": 5257.0
    },
    "weighted avg": {
      "precision": 0.9137660367659073,
      "recall": 0.9115465094160168,
      "f1-score": 0.912195240329485,
      "support": 5257.0
    }
  },
  "random_stratified_holdout": {
    "1": {
      "precision": 0.9639048400328137,
      "recall": 0.94,
      "f1-score": 0.9518023491292021,
      "support": 1250.0
    },
    "2": {
      "precision": 0.8783269961977186,
      "recall": 0.9058823529411765,
      "f1-score": 0.8918918918918919,
      "support": 255.0
    },
    "3": {
      "precision": 0.8438818565400844,
      "recall": 0.8583690987124464,
      "f1-score": 0.851063829787234,
      "support": 233.0
    },
    "4": {
      "precision": 0.8963963963963963,
      "recall": 0.8963963963963963,
      "f1-score": 0.8963963963963963,
      "support": 222.0
    },
    "5": {
      "precision": 0.8962585034013606,
      "recall": 0.9261862917398945,
      "f1-score": 0.9109766637856526,
      "support": 569.0
    },
    "accuracy": 0.9221035982601818,
    "macro avg": {
      "precision": 0.8957537185136747,
      "recall": 0.9053668279579827,
      "f1-score": 0.9004262261980754,
      "support": 2529.0
    },
    "weighted avg": {
      "precision": 0.9230723586716684,
      "recall": 0.9221035982601818,
      "f1-score": 0.922431381130248,
      "support": 2529.0
    }
  }
}