{
  "athlete_group_holdout": {
    "0": {
      "precision": 0.743142144638404,
      "recall": 0.7563451776649747,
      "f1-score": 0.7496855345911949,
      "support": 394.0
    },
    "1": {
      "precision": 0.4520547945205479,
      "recall": 0.46153846153846156,
      "f1-score": 0.45674740484429066,
      "support": 429.0
    },
    "2": {
      "precision": 0.4010989010989011,
      "recall": 0.3459715639810427,
      "f1-score": 0.37150127226463103,
      "support": 422.0
    },
    "3": {
      "precision": 0.5782312925170068,
      "recall": 0.6390977443609023,
      "f1-score": 0.6071428571428571,
      "support": 399.0
    },
    "accuracy": 0.5456204379562044,
    "macro avg": {
      "precision": 0.543631783193715,
      "recall": 0.5507382368863453,
      "f1-score": 0.5462692672107434,
      "support": 1644.0
    },
    "weighted avg": {
      "precision": 0.5393598137560025,
      "recall": 0.5456204379562044,
      "f1-score": 0.5415719429457456,
      "support": 1644.0
    }
  },
  "time_external_season_ge_2023": {
    "0": {
      "precision": 0.7334933973589436,
      "recall": 0.7370325693606755,
      "f1-score": 0.7352587244283996,
      "support": 829.0
    },
    "1": {
      "precision": 0.4667535853976532,
      "recall": 0.43132530120481927,
      "f1-score": 0.4483406386975579,
      "support": 830.0
    },
    "2": {
      "precision": 0.36766623207301175,
      "recall": 0.39330543933054396,
      "f1-score": 0.38005390835579517,
      "support": 717.0
    },
    "3": {
      "precision": 0.6024258760107817,
      "recall": 0.6098226466575716,
      "f1-score": 0.6061016949152542,
      "support": 733.0
    },
    "accuracy": 0.5461563203602444,
    "macro avg": {
      "precision": 0.5425847727100976,
      "recall": 0.5428714891384026,
      "f1-score": 0.5424387415992518,
      "support": 3109.0
    },
    "weighted avg": {
      "precision": 0.5470139458999256,
      "recall": 0.5461563203602444,
      "f1-score": 0.5462925079878105,
      "support": 3109.0
    }
  },
  "random_stratified_holdout": {
    "0": {
      "precision": 0.7751479289940828,
      "recall": 0.7178082191780822,
      "f1-score": 0.7453769559032717,
      "support": 365.0
    },
    "1": {
      "precision": 0.45901639344262296,
      "recall": 0.4602739726027397,
      "f1-score": 0.45964432284541723,
      "support": 365.0
    },
    "2": {
      "precision": 0.36235955056179775,
      "recall": 0.35342465753424657,
      "f1-score": 0.3578363384188627,
      "support": 365.0
    },
    "3": {
      "precision": 0.56,
      "recall": 0.6136986301369863,
      "f1-score": 0.5856209150326798,
      "support": 365.0
    },
    "accuracy": 0.5363013698630137,
    "macro avg": {
      "precision": 0.5391309682496259,
      "recall": 0.5363013698630137,
      "f1-score": 0.5371196330500578,
      "support": 1460.0
    },
    "weighted avg": {
      "precision": 0.5391309682496259,
      "recall": 0.5363013698630137,
      "f1-score": 0.5371196330500578,
      "support": 1460.0
    }
  }
}