{
  "athlete_group_holdout": {
    "0": {
      "precision": 0.8371278458844134,
      "recall": 0.8667271078875793,
      "f1-score": 0.8516703786191536,
      "support": 1103.0
    },
    "1": {
      "precision": 0.8398692810457516,
      "recall": 0.8056426332288401,
      "f1-score": 0.8224,
      "support": 957.0
    },
    "accuracy": 0.8383495145631068,
    "macro avg": {
      "precision": 0.8384985634650826,
      "recall": 0.8361848705582098,
      "f1-score": 0.8370351893095769,
      "support": 2060.0
    },
    "weighted avg": {
      "precision": 0.8384014155200448,
      "recall": 0.8383495145631068,
      "f1-score": 0.8380724405907409,
      "support": 2060.0
    }
  },
  "time_external_season_ge_2023": {
    "0": {
      "precision": 0.8645980253878702,
      "recall": 0.8250336473755047,
      "f1-score": 0.8443526170798898,
      "support": 2229.0
    },
    "1": {
      "precision": 0.8009188361408882,
      "recall": 0.8449111470113085,
      "f1-score": 0.8223270440251572,
      "support": 1857.0
    },
    "accuracy": 0.8340675477239354,
    "macro avg": {
      "precision": 0.8327584307643792,
      "recall": 0.8349723971934067,
      "f1-score": 0.8333398305525235,
      "support": 4086.0
    },
    "weighted avg": {
      "precision": 0.8356571897462535,
      "recall": 0.8340675477239354,
      "f1-score": 0.8343424630998021,
      "support": 4086.0
    }
  },
  "random_stratified_holdout": {
    "0": {
      "precision": 0.8298872180451128,
      "recall": 0.8751238850346879,
      "f1-score": 0.8519054510371442,
      "support": 1009.0
    },
    "1": {
      "precision": 0.8577878103837472,
      "recall": 0.8076514346439958,
      "f1-score": 0.8319649698960043,
      "support": 941.0
    },
    "accuracy": 0.8425641025641025,
    "macro avg": {
      "precision": 0.84383751421443,
      "recall": 0.8413876598393418,
      "f1-score": 0.8419352104665743,
      "support": 1950.0
    },
    "weighted avg": {
      "precision": 0.8433510423480128,
      "recall": 0.8425641025641025,
      "f1-score": 0.8422828906505736,
      "support": 1950.0
    }
  }
}