{
  "athlete_group_holdout": {
    "0": {
      "precision": 0.8620689655172413,
      "recall": 1.0,
      "f1-score": 0.9259259259259259,
      "support": 25.0
    },
    "1": {
      "precision": 0.9930313588850174,
      "recall": 0.9965034965034965,
      "f1-score": 0.9947643979057592,
      "support": 286.0
    },
    "2": {
      "precision": 0.9791666666666666,
      "recall": 0.986013986013986,
      "f1-score": 0.9825783972125436,
      "support": 143.0
    },
    "3": {
      "precision": 1.0,
      "recall": 0.9931192660550459,
      "f1-score": 0.996547756041427,
      "support": 436.0
    },
    "4": {
      "precision": 1.0,
      "recall": 0.9788732394366197,
      "f1-score": 0.9893238434163701,
      "support": 142.0
    },
    "accuracy": 0.9912790697674418,
    "macro avg": {
      "precision": 0.966853398213785,
      "recall": 0.9909019976018296,
      "f1-score": 0.977828064100405,
      "support": 1032.0
    },
    "weighted avg": {
      "precision": 0.9918406260778869,
      "recall": 0.9912790697674418,
      "f1-score": 0.9914130660366044,
      "support": 1032.0
    }
  },
  "time_external_season_ge_2023": {
    "0": {
      "precision": 0.8571428571428571,
      "recall": 0.9473684210526315,
      "f1-score": 0.9,
      "support": 57.0
    },
    "1": {
      "precision": 0.9849056603773585,
      "recall": 0.9905123339658444,
      "f1-score": 0.9877010406811731,
      "support": 527.0
    },
    "2": {
      "precision": 0.96875,
      "recall": 0.9964285714285714,
      "f1-score": 0.9823943661971831,
      "support": 280.0
    },
    "3": {
      "precision": 1.0,
      "recall": 0.9863574351978172,
      "f1-score": 0.9931318681318682,
      "support": 733.0
    },
    "4": {
      "precision": 0.9740932642487047,
      "recall": 0.94,
      "f1-score": 0.9567430025445293,
      "support": 200.0
    },
    "accuracy": 0.9827490261547023,
    "macro avg": {
      "precision": 0.9569783563537841,
      "recall": 0.9721333523289729,
      "f1-score": 0.9639940555109507,
      "support": 1797.0
    },
    "weighted avg": {
      "precision": 0.9832894149837239,
      "recall": 0.9827490261547023,
      "f1-score": 0.9828620650104367,
      "support": 1797.0
    }
  },
  "random_stratified_holdout": {
    "0": {
      "precision": 0.9117647058823529,
      "recall": 0.96875,
      "f1-score": 0.9393939393939394,
      "support": 32.0
    },
    "1": {
      "precision": 0.9925650557620818,
      "recall": 0.9925650557620818,
      "f1-score": 0.9925650557620818,
      "support": 269.0
    },
    "2": {
      "precision": 0.9760479041916168,
      "recall": 1.0,
      "f1-score": 0.9878787878787879,
      "support": 163.0
    },
    "3": {
      "precision": 1.0,
      "recall": 1.0,
      "f1-score": 1.0,
      "support": 375.0
    },
    "4": {
      "precision": 1.0,
      "recall": 0.9444444444444444,
      "f1-score": 0.9714285714285714,
      "support": 108.0
    },
    "accuracy": 0.9904963041182682,
    "macro avg": {
      "precision": 0.9760755331672103,
      "recall": 0.9811519000413054,
      "f1-score": 0.9782532708926761,
      "support": 947.0
    },
    "weighted avg": {
      "precision": 0.9907838215115827,
      "recall": 0.9904963041182682,
      "f1-score": 0.9904953898618102,
      "support": 947.0
    }
  }
}