{
  "athlete_group_holdout": {
    "0": {
      "precision": 0.8961038961038961,
      "recall": 0.80859375,
      "f1-score": 0.8501026694045175,
      "support": 256.0
    },
    "1": {
      "precision": 0.6989247311827957,
      "recall": 0.6521739130434783,
      "f1-score": 0.6747404844290658,
      "support": 299.0
    },
    "2": {
      "precision": 0.5814814814814815,
      "recall": 0.6038461538461538,
      "f1-score": 0.5924528301886792,
      "support": 260.0
    },
    "3": {
      "precision": 0.6666666666666666,
      "recall": 0.7741935483870968,
      "f1-score": 0.7164179104477612,
      "support": 217.0
    },
    "accuracy": 0.7044573643410853,
    "macro avg": {
      "precision": 0.71079419385871,
      "recall": 0.7097018413191822,
      "f1-score": 0.7084284736175059,
      "support": 1032.0
    },
    "weighted avg": {
      "precision": 0.7114660308896368,
      "recall": 0.7044573643410853,
      "f1-score": 0.7062733630116937,
      "support": 1032.0
    }
  },
  "time_external_season_ge_2023": {
    "0": {
      "precision": 0.9168646080760094,
      "recall": 0.7909836065573771,
      "f1-score": 0.8492849284928493,
      "support": 488.0
    },
    "1": {
      "precision": 0.5570776255707762,
      "recall": 0.5520361990950227,
      "f1-score": 0.5545454545454546,
      "support": 442.0
    },
    "2": {
      "precision": 0.4598825831702544,
      "recall": 0.5353075170842825,
      "f1-score": 0.49473684210526314,
      "support": 439.0
    },
    "3": {
      "precision": 0.7142857142857143,
      "recall": 0.7126168224299065,
      "f1-score": 0.7134502923976608,
      "support": 428.0
    },
    "accuracy": 0.6510851419031719,
    "macro avg": {
      "precision": 0.6620276327756885,
      "recall": 0.6477360362916472,
      "f1-score": 0.653004379385307,
      "support": 1797.0
    },
    "weighted avg": {
      "precision": 0.6684813461154163,
      "recall": 0.6510851419031719,
      "f1-score": 0.657822111766283,
      "support": 1797.0
    }
  },
  "random_stratified_holdout": {
    "0": {
      "precision": 0.9356435643564357,
      "recall": 0.7974683544303798,
      "f1-score": 0.8610478359908884,
      "support": 237.0
    },
    "1": {
      "precision": 0.6377952755905512,
      "recall": 0.6864406779661016,
      "f1-score": 0.6612244897959184,
      "support": 236.0
    },
    "2": {
      "precision": 0.556390977443609,
      "recall": 0.6244725738396625,
      "f1-score": 0.588469184890656,
      "support": 237.0
    },
    "3": {
      "precision": 0.7866666666666666,
      "recall": 0.7468354430379747,
      "f1-score": 0.7662337662337663,
      "support": 237.0
    },
    "accuracy": 0.7138331573389651,
    "macro avg": {
      "precision": 0.7291241210143157,
      "recall": 0.7138042623185297,
      "f1-score": 0.7192438192278073,
      "support": 947.0
    },
    "weighted avg": {
      "precision": 0.7292205611889975,
      "recall": 0.7138331573389651,
      "f1-score": 0.719305085679161,
      "support": 947.0
    }
  }
}