{
  "athlete_group_holdout": {
    "0": {
      "precision": 0.8677966101694915,
      "recall": 0.7619047619047619,
      "f1-score": 0.8114104595879557,
      "support": 336.0
    },
    "1": {
      "precision": 0.5801526717557252,
      "recall": 0.6532951289398281,
      "f1-score": 0.6145552560646901,
      "support": 349.0
    },
    "2": {
      "precision": 0.5729166666666666,
      "recall": 0.46348314606741575,
      "f1-score": 0.5124223602484472,
      "support": 356.0
    },
    "3": {
      "precision": 0.6649484536082474,
      "recall": 0.7987616099071208,
      "f1-score": 0.7257383966244726,
      "support": 323.0
    },
    "accuracy": 0.6649560117302052,
    "macro avg": {
      "precision": 0.6714536005500327,
      "recall": 0.6693611617047817,
      "f1-score": 0.6660316181313914,
      "support": 1364.0
    },
    "weighted avg": {
      "precision": 0.6692006065311543,
      "recall": 0.6649560117302052,
      "f1-score": 0.662719619608711,
      "support": 1364.0
    }
  },
  "time_external_season_ge_2023": {
    "0": {
      "precision": 0.8414795244385733,
      "recall": 0.8114649681528663,
      "f1-score": 0.8261997405966277,
      "support": 785.0
    },
    "1": {
      "precision": 0.5487465181058496,
      "recall": 0.5204755614266843,
      "f1-score": 0.5342372881355932,
      "support": 757.0
    },
    "2": {
      "precision": 0.40498442367601245,
      "recall": 0.4166666666666667,
      "f1-score": 0.4107424960505529,
      "support": 624.0
    },
    "3": {
      "precision": 0.6306027820710973,
      "recall": 0.6822742474916388,
      "f1-score": 0.655421686746988,
      "support": 598.0
    },
    "accuracy": 0.6146888567293777,
    "macro avg": {
      "precision": 0.6064533120728832,
      "recall": 0.607720360934464,
      "f1-score": 0.6066503028824404,
      "support": 2764.0
    },
    "weighted avg": {
      "precision": 0.6171393939735008,
      "recall": 0.6146888567293777,
      "f1-score": 0.6154956257949495,
      "support": 2764.0
    }
  },
  "random_stratified_holdout": {
    "0": {
      "precision": 0.8657718120805369,
      "recall": 0.7914110429447853,
      "f1-score": 0.8269230769230769,
      "support": 326.0
    },
    "1": {
      "precision": 0.5761194029850746,
      "recall": 0.5902140672782875,
      "f1-score": 0.5830815709969789,
      "support": 327.0
    },
    "2": {
      "precision": 0.5472312703583062,
      "recall": 0.5137614678899083,
      "f1-score": 0.5299684542586751,
      "support": 327.0
    },
    "3": {
      "precision": 0.7029972752043597,
      "recall": 0.7889908256880734,
      "f1-score": 0.7435158501440923,
      "support": 327.0
    },
    "accuracy": 0.6710022953328233,
    "macro avg": {
      "precision": 0.6730299401570694,
      "recall": 0.6710943509502636,
      "f1-score": 0.6708722380807057,
      "support": 1307.0
    },
    "weighted avg": {
      "precision": 0.6728824712420551,
      "recall": 0.6710022953328233,
      "f1-score": 0.6707528418765417,
      "support": 1307.0
    }
  }
}