{
  "athlete_group_holdout": {
    "1": {
      "precision": 0.7213114754098361,
      "recall": 0.8543689320388349,
      "f1-score": 0.7822222222222223,
      "support": 103.0
    },
    "2": {
      "precision": 0.7794117647058824,
      "recall": 0.726027397260274,
      "f1-score": 0.75177304964539,
      "support": 292.0
    },
    "3": {
      "precision": 0.753968253968254,
      "recall": 0.572289156626506,
      "f1-score": 0.6506849315068494,
      "support": 166.0
    },
    "4": {
      "precision": 0.6907216494845361,
      "recall": 0.6320754716981132,
      "f1-score": 0.6600985221674877,
      "support": 106.0
    },
    "5": {
      "precision": 0.65625,
      "recall": 0.65625,
      "f1-score": 0.65625,
      "support": 64.0
    },
    "6": {
      "precision": 0.6181818181818182,
      "recall": 0.7906976744186046,
      "f1-score": 0.6938775510204082,
      "support": 43.0
    },
    "7": {
      "precision": 0.8,
      "recall": 0.5901639344262295,
      "f1-score": 0.6792452830188679,
      "support": 61.0
    },
    "8": {
      "precision": 0.5606060606060606,
      "recall": 0.8222222222222222,
      "f1-score": 0.6666666666666666,
      "support": 45.0
    },
    "9": {
      "precision": 0.6709677419354839,
      "recall": 0.8524590163934426,
      "f1-score": 0.7509025270758123,
      "support": 122.0
    },
    "accuracy": 0.7135728542914171,
    "macro avg": {
      "precision": 0.694602084921319,
      "recall": 0.7218393116760252,
      "f1-score": 0.6990800837026337,
      "support": 1002.0
    },
    "weighted avg": {
      "precision": 0.7232791394118181,
      "recall": 0.7135728542914171,
      "f1-score": 0.7115285096072965,
      "support": 1002.0
    }
  },
  "time_external_season_ge_2023": {
    "1": {
      "precision": 0.5856573705179283,
      "recall": 0.7241379310344828,
      "f1-score": 0.6475770925110133,
      "support": 203.0
    },
    "2": {
      "precision": 0.6618985695708712,
      "recall": 0.7366136034732272,
      "f1-score": 0.6972602739726027,
      "support": 691.0
    },
    "3": {
      "precision": 0.6702508960573477,
      "recall": 0.48825065274151436,
      "f1-score": 0.5649546827794562,
      "support": 383.0
    },
    "4": {
      "precision": 0.6413043478260869,
      "recall": 0.47580645161290325,
      "f1-score": 0.5462962962962963,
      "support": 248.0
    },
    "5": {
      "precision": 0.6434782608695652,
      "recall": 0.5873015873015873,
      "f1-score": 0.6141078838174274,
      "support": 126.0
    },
    "6": {
      "precision": 0.6454545454545455,
      "recall": 0.5819672131147541,
      "f1-score": 0.6120689655172413,
      "support": 122.0
    },
    "7": {
      "precision": 0.6752136752136753,
      "recall": 0.7669902912621359,
      "f1-score": 0.7181818181818181,
      "support": 103.0
    },
    "8": {
      "precision": 0.6610169491525424,
      "recall": 0.7358490566037735,
      "f1-score": 0.6964285714285714,
      "support": 106.0
    },
    "9": {
      "precision": 0.6576923076923077,
      "recall": 0.7737556561085973,
      "f1-score": 0.7110187110187111,
      "support": 221.0
    },
    "accuracy": 0.6509305492510213,
    "macro avg": {
      "precision": 0.6491074358172079,
      "recall": 0.6522969381392195,
      "f1-score": 0.6453215883914596,
      "support": 2203.0
    },
    "weighted avg": {
      "precision": 0.652200839678458,
      "recall": 0.6509305492510213,
      "f1-score": 0.6455303777640525,
      "support": 2203.0
    }
  },
  "random_stratified_holdout": {
    "1": {
      "precision": 0.688,
      "recall": 0.7818181818181819,
      "f1-score": 0.7319148936170212,
      "support": 110.0
    },
    "2": {
      "precision": 0.7554858934169278,
      "recall": 0.7303030303030303,
      "f1-score": 0.7426810477657936,
      "support": 330.0
    },
    "3": {
      "precision": 0.6934306569343066,
      "recall": 0.5654761904761905,
      "f1-score": 0.6229508196721312,
      "support": 168.0
    },
    "4": {
      "precision": 0.6545454545454545,
      "recall": 0.6206896551724138,
      "f1-score": 0.6371681415929203,
      "support": 116.0
    },
    "5": {
      "precision": 0.6911764705882353,
      "recall": 0.734375,
      "f1-score": 0.7121212121212122,
      "support": 64.0
    },
    "6": {
      "precision": 0.66,
      "recall": 0.5892857142857143,
      "f1-score": 0.6226415094339622,
      "support": 56.0
    },
    "7": {
      "precision": 0.7058823529411765,
      "recall": 0.6792452830188679,
      "f1-score": 0.6923076923076923,
      "support": 53.0
    },
    "8": {
      "precision": 0.5774647887323944,
      "recall": 0.803921568627451,
      "f1-score": 0.6721311475409836,
      "support": 51.0
    },
    "9": {
      "precision": 0.7112676056338029,
      "recall": 0.808,
      "f1-score": 0.7565543071161048,
      "support": 125.0
    },
    "accuracy": 0.700838769804287,
    "macro avg": {
      "precision": 0.6819170247546998,
      "recall": 0.7014571804113167,
      "f1-score": 0.6878300856853135,
      "support": 1073.0
    },
    "weighted avg": {
      "precision": 0.7030570192664766,
      "recall": 0.700838769804287,
      "f1-score": 0.6991114565710638,
      "support": 1073.0
    }
  }
}