{
  "athlete_group_holdout": {
    "1": {
      "precision": 0.375,
      "recall": 0.15254237288135594,
      "f1-score": 0.21686746987951808,
      "support": 118.0
    },
    "2": {
      "precision": 0.16216216216216217,
      "recall": 0.07228915662650602,
      "f1-score": 0.1,
      "support": 83.0
    },
    "3": {
      "precision": 0.1,
      "recall": 0.007633587786259542,
      "f1-score": 0.014184397163120567,
      "support": 131.0
    },
    "5": {
      "precision": 0.4823529411764706,
      "recall": 0.5720930232558139,
      "f1-score": 0.5234042553191489,
      "support": 860.0
    },
    "7": {
      "precision": 0.34532374100719426,
      "recall": 0.2874251497005988,
      "f1-score": 0.3137254901960784,
      "support": 501.0
    },
    "8": {
      "precision": 0.0,
      "recall": 0.0,
      "f1-score": 0.0,
      "support": 90.0
    },
    "9": {
      "precision": 0.5509355509355509,
      "recall": 0.7330567081604425,
      "f1-score": 0.629080118694362,
      "support": 723.0
    },
    "accuracy": 0.47525937749401437,
    "macro avg": {
      "precision": 0.28796777075448254,
      "recall": 0.2607199997729967,
      "f1-score": 0.25675167589317544,
      "support": 2506.0
    },
    "weighted avg": {
      "precision": 0.42177437607431434,
      "recall": 0.47525937749401437,
      "f1-score": 0.4380995903642773,
      "support": 2506.0
    }
  },
  "time_external_season_ge_2023": {
    "1": {
      "precision": 0.06537530266343826,
      "recall": 0.225,
      "f1-score": 0.10131332082551595,
      "support": 120.0
    },
    "2": {
      "precision": 0.0,
      "recall": 0.0,
      "f1-score": 0.0,
      "support": 299.0
    },
    "3": {
      "precision": 0.0,
      "recall": 0.0,
      "f1-score": 0.0,
      "support": 220.0
    },
    "5": {
      "precision": 0.5226824457593688,
      "recall": 0.3677150786308973,
      "f1-score": 0.4317132772196579,
      "support": 2162.0
    },
    "7": {
      "precision": 0.31927212572373864,
      "recall": 0.3499546690843155,
      "f1-score": 0.33391003460207613,
      "support": 1103.0
    },
    "8": {
      "precision": 0.0,
      "recall": 0.0,
      "f1-score": 0.0,
      "support": 0.0
    },
    "9": {
      "precision": 0.47581903276131043,
      "recall": 0.6713132795304475,
      "f1-score": 0.5569080949482653,
      "support": 1363.0
    },
    "accuracy": 0.4030757546990697,
    "macro avg": {
      "precision": 0.1975927009868366,
      "recall": 0.2305690038922372,
      "f1-score": 0.20340638965650218,
      "support": 5267.0
    },
    "weighted avg": {
      "precision": 0.40603436118821296,
      "recall": 0.4030757546990697,
      "f1-score": 0.3935618388890332,
      "support": 5267.0
    }
  },
  "random_stratified_holdout": {
    "1": {
      "precision": 0.23880597014925373,
      "recall": 0.1322314049586777,
      "f1-score": 0.1702127659574468,
      "support": 121.0
    },
    "2": {
      "precision": 0.3469387755102041,
      "recall": 0.17894736842105263,
      "f1-score": 0.2361111111111111,
      "support": 95.0
    },
    "3": {
      "precision": 0.25,
      "recall": 0.014925373134328358,
      "f1-score": 0.028169014084507043,
      "support": 134.0
    },
    "5": {
      "precision": 0.4730250481695568,
      "recall": 0.5762910798122066,
      "f1-score": 0.5195767195767196,
      "support": 852.0
    },
    "7": {
      "precision": 0.40105540897097625,
      "recall": 0.26855123674911663,
      "f1-score": 0.3216931216931217,
      "support": 566.0
    },
    "8": {
      "precision": 0.5555555555555556,
      "recall": 0.0684931506849315,
      "f1-score": 0.12195121951219512,
      "support": 73.0
    },
    "9": {
      "precision": 0.4857744994731296,
      "recall": 0.7006079027355623,
      "f1-score": 0.5737398879900436,
      "support": 658.0
    },
    "accuracy": 0.45778311324529813,
    "macro avg": {
      "precision": 0.3930221796898109,
      "recall": 0.2771496452136965,
      "f1-score": 0.28163626284644927,
      "support": 2499.0
    },
    "weighted avg": {
      "precision": 0.4343995937528767,
      "recall": 0.45778311324529813,
      "f1-score": 0.4233621070040982,
      "support": 2499.0
    }
  }
}