{
  "athlete_group_holdout": {
    "0": {
      "precision": 0.7899686520376176,
      "recall": 0.8289473684210527,
      "f1-score": 0.8089887640449438,
      "support": 608.0
    },
    "1": {
      "precision": 0.7142857142857143,
      "recall": 0.6598984771573604,
      "f1-score": 0.6860158311345647,
      "support": 394.0
    },
    "accuracy": 0.7624750499001997,
    "macro avg": {
      "precision": 0.7521271831616659,
      "recall": 0.7444229227892065,
      "f1-score": 0.7475022975897543,
      "support": 1002.0
    },
    "weighted avg": {
      "precision": 0.7602090936800827,
      "recall": 0.7624750499001997,
      "f1-score": 0.7606341377308825,
      "support": 1002.0
    }
  },
  "time_external_season_ge_2023": {
    "0": {
      "precision": 0.8802228412256268,
      "recall": 0.8213125406107862,
      "f1-score": 0.8497478991596639,
      "support": 1539.0
    },
    "1": {
      "precision": 0.6414602346805737,
      "recall": 0.7409638554216867,
      "f1-score": 0.6876310272536688,
      "support": 664.0
    },
    "accuracy": 0.7970948706309577,
    "macro avg": {
      "precision": 0.7608415379531002,
      "recall": 0.7811381980162364,
      "f1-score": 0.7686894632066663,
      "support": 2203.0
    },
    "weighted avg": {
      "precision": 0.8082580791984297,
      "recall": 0.7970948706309577,
      "f1-score": 0.8008847112588101,
      "support": 2203.0
    }
  },
  "random_stratified_holdout": {
    "0": {
      "precision": 0.8180515759312321,
      "recall": 0.7997198879551821,
      "f1-score": 0.8087818696883853,
      "support": 714.0
    },
    "1": {
      "precision": 0.6186666666666667,
      "recall": 0.6462395543175488,
      "f1-score": 0.6321525885558583,
      "support": 359.0
    },
    "accuracy": 0.7483690587138863,
    "macro avg": {
      "precision": 0.7183591212989494,
      "recall": 0.7229797211363654,
      "f1-score": 0.7204672291221218,
      "support": 1073.0
    },
    "weighted avg": {
      "precision": 0.751342179448493,
      "recall": 0.7483690587138863,
      "f1-score": 0.749685959225592,
      "support": 1073.0
    }
  }
}