{
  "athlete_group_holdout": {
    "1": {
      "precision": 0.3333333333333333,
      "recall": 0.24242424242424243,
      "f1-score": 0.2807017543859649,
      "support": 33.0
    },
    "2": {
      "precision": 0.0,
      "recall": 0.0,
      "f1-score": 0.0,
      "support": 9.0
    },
    "3": {
      "precision": 1.0,
      "recall": 0.019230769230769232,
      "f1-score": 0.03773584905660377,
      "support": 52.0
    },
    "5": {
      "precision": 0.44285714285714284,
      "recall": 0.541958041958042,
      "f1-score": 0.48742138364779874,
      "support": 286.0
    },
    "7": {
      "precision": 0.413953488372093,
      "recall": 0.39035087719298245,
      "f1-score": 0.4018058690744921,
      "support": 228.0
    },
    "8": {
      "precision": 0.36363636363636365,
      "recall": 0.15384615384615385,
      "f1-score": 0.21621621621621623,
      "support": 26.0
    },
    "9": {
      "precision": 0.6625,
      "recall": 0.720108695652174,
      "f1-score": 0.6901041666666666,
      "support": 368.0
    },
    "accuracy": 0.5209580838323353,
    "macro avg": {
      "precision": 0.4594686183141333,
      "recall": 0.2954169686149091,
      "f1-score": 0.3019978912925346,
      "support": 1002.0
    },
    "weighted avg": {
      "precision": 0.5362206423757739,
      "recall": 0.5209580838323353,
      "f1-score": 0.5008179948831236,
      "support": 1002.0
    }
  },
  "time_external_season_ge_2023": {
    "1": {
      "precision": 0.013824884792626729,
      "recall": 0.25,
      "f1-score": 0.026200873362445413,
      "support": 12.0
    },
    "2": {
      "precision": 0.0,
      "recall": 0.0,
      "f1-score": 0.0,
      "support": 0.0
    },
    "3": {
      "precision": 0.08108108108108109,
      "recall": 0.04838709677419355,
      "f1-score": 0.06060606060606061,
      "support": 62.0
    },
    "5": {
      "precision": 0.6073446327683616,
      "recall": 0.22823779193205945,
      "f1-score": 0.3317901234567901,
      "support": 942.0
    },
    "7": {
      "precision": 0.39745403111739747,
      "recall": 0.5372848948374761,
      "f1-score": 0.45691056910569106,
      "support": 523.0
    },
    "8": {
      "precision": 0.0,
      "recall": 0.0,
      "f1-score": 0.0,
      "support": 0.0
    },
    "9": {
      "precision": 0.6636481241914618,
      "recall": 0.7725903614457831,
      "f1-score": 0.7139874739039666,
      "support": 664.0
    },
    "accuracy": 0.4607353608715388,
    "macro avg": {
      "precision": 0.2519075362787041,
      "recall": 0.26235716356993033,
      "f1-score": 0.22707072863356478,
      "support": 2203.0
    },
    "weighted avg": {
      "precision": 0.5564422979799657,
      "recall": 0.4607353608715388,
      "f1-score": 0.46739454963628296,
      "support": 2203.0
    }
  },
  "random_stratified_holdout": {
    "1": {
      "precision": 0.7,
      "recall": 0.1891891891891892,
      "f1-score": 0.2978723404255319,
      "support": 37.0
    },
    "2": {
      "precision": 0.0,
      "recall": 0.0,
      "f1-score": 0.0,
      "support": 7.0
    },
    "3": {
      "precision": 0.5,
      "recall": 0.04081632653061224,
      "f1-score": 0.07547169811320754,
      "support": 49.0
    },
    "5": {
      "precision": 0.4845605700712589,
      "recall": 0.5714285714285714,
      "f1-score": 0.5244215938303342,
      "support": 357.0
    },
    "7": {
      "precision": 0.4322033898305085,
      "recall": 0.38636363636363635,
      "f1-score": 0.408,
      "support": 264.0
    },
    "8": {
      "precision": 0.21428571428571427,
      "recall": 0.08571428571428572,
      "f1-score": 0.12244897959183673,
      "support": 35.0
    },
    "9": {
      "precision": 0.6149870801033591,
      "recall": 0.7345679012345679,
      "f1-score": 0.6694796061884669,
      "support": 324.0
    },
    "accuracy": 0.5181733457595527,
    "macro avg": {
      "precision": 0.42086239347012017,
      "recall": 0.28686855863726607,
      "f1-score": 0.2996706025927682,
      "support": 1073.0
    },
    "weighted avg": {
      "precision": 0.5072186695099553,
      "recall": 0.5181733457595527,
      "f1-score": 0.49473159878052075,
      "support": 1073.0
    }
  }
}