{
  "athlete_group_holdout": {
    "0": {
      "precision": 0.9629629629629629,
      "recall": 1.0,
      "f1-score": 0.9811320754716981,
      "support": 78.0
    },
    "1": {
      "precision": 1.0,
      "recall": 0.9970059880239521,
      "f1-score": 0.9985007496251874,
      "support": 668.0
    },
    "2": {
      "precision": 0.9864253393665159,
      "recall": 0.9977116704805492,
      "f1-score": 0.9920364050056882,
      "support": 437.0
    },
    "3": {
      "precision": 1.0,
      "recall": 1.0,
      "f1-score": 1.0,
      "support": 938.0
    },
    "4": {
      "precision": 0.995850622406639,
      "recall": 0.97165991902834,
      "f1-score": 0.9836065573770492,
      "support": 247.0
    },
    "accuracy": 0.995777027027027,
    "macro avg": {
      "precision": 0.9890477849472236,
      "recall": 0.9932755155065683,
      "f1-score": 0.9910551574959247,
      "support": 2368.0
    },
    "weighted avg": {
      "precision": 0.9958420980357764,
      "recall": 0.995777027027027,
      "f1-score": 0.9957759845000146,
      "support": 2368.0
    }
  },
  "time_external_season_ge_2023": {
    "0": {
      "precision": 0.9133858267716536,
      "recall": 0.9586776859504132,
      "f1-score": 0.9354838709677419,
      "support": 121.0
    },
    "1": {
      "precision": 0.9977595220313666,
      "recall": 0.9925705794947994,
      "f1-score": 0.9951582867783985,
      "support": 1346.0
    },
    "2": {
      "precision": 0.9752066115702479,
      "recall": 0.9943820224719101,
      "f1-score": 0.9847009735744089,
      "support": 712.0
    },
    "3": {
      "precision": 1.0,
      "recall": 0.9994697773064687,
      "f1-score": 0.9997348183505701,
      "support": 1886.0
    },
    "4": {
      "precision": 0.9855371900826446,
      "recall": 0.9616935483870968,
      "f1-score": 0.9734693877551021,
      "support": 496.0
    },
    "accuracy": 0.9914492435869326,
    "macro avg": {
      "precision": 0.9743778300911824,
      "recall": 0.9813587227221376,
      "f1-score": 0.9777094674852442,
      "support": 4561.0
    },
    "weighted avg": {
      "precision": 0.9915977977225604,
      "recall": 0.9914492435869326,
      "f1-score": 0.9914765137714331,
      "support": 4561.0
    }
  },
  "random_stratified_holdout": {
    "0": {
      "precision": 0.9846153846153847,
      "recall": 1.0,
      "f1-score": 0.9922480620155039,
      "support": 64.0
    },
    "1": {
      "precision": 0.9984591679506933,
      "recall": 0.9984591679506933,
      "f1-score": 0.9984591679506933,
      "support": 649.0
    },
    "2": {
      "precision": 0.9897959183673469,
      "recall": 0.9974293059125964,
      "f1-score": 0.9935979513444302,
      "support": 389.0
    },
    "3": {
      "precision": 1.0,
      "recall": 1.0,
      "f1-score": 1.0,
      "support": 891.0
    },
    "4": {
      "precision": 0.9961089494163424,
      "recall": 0.9808429118773946,
      "f1-score": 0.9884169884169884,
      "support": 261.0
    },
    "accuracy": 0.9968944099378882,
    "macro avg": {
      "precision": 0.9937958840699535,
      "recall": 0.995346277148137,
      "f1-score": 0.9945444339455232,
      "support": 2254.0
    },
    "weighted avg": {
      "precision": 0.9969079115607578,
      "recall": 0.9968944099378882,
      "f1-score": 0.9968901122532429,
      "support": 2254.0
    }
  }
}