{
  "athlete_group_holdout": {
    "0": {
      "precision": 0.8429824561403508,
      "recall": 0.8342013888888888,
      "f1-score": 0.8385689354275742,
      "support": 1152.0
    },
    "1": {
      "precision": 0.5516431924882629,
      "recall": 0.5676328502415459,
      "f1-score": 0.5595238095238095,
      "support": 414.0
    },
    "accuracy": 0.7637292464878672,
    "macro avg": {
      "precision": 0.6973128243143069,
      "recall": 0.7009171195652173,
      "f1-score": 0.6990463724756919,
      "support": 1566.0
    },
    "weighted avg": {
      "precision": 0.7659617312668103,
      "recall": 0.7637292464878672,
      "f1-score": 0.7647983849012916,
      "support": 1566.0
    }
  },
  "time_external_season_ge_2023": {
    "0": {
      "precision": 0.8554522400676247,
      "recall": 0.8558139534883721,
      "f1-score": 0.8556330585499894,
      "support": 2365.0
    },
    "1": {
      "precision": 0.5114613180515759,
      "recall": 0.5107296137339056,
      "f1-score": 0.5110952040085899,
      "support": 699.0
    },
    "accuracy": 0.777088772845953,
    "macro avg": {
      "precision": 0.6834567790596002,
      "recall": 0.6832717836111388,
      "f1-score": 0.6833641312792896,
      "support": 3064.0
    },
    "weighted avg": {
      "precision": 0.7769765042682716,
      "recall": 0.777088772845953,
      "f1-score": 0.777032549305721,
      "support": 3064.0
    }
  },
  "random_stratified_holdout": {
    "0": {
      "precision": 0.8383177570093457,
      "recall": 0.8510436432637571,
      "f1-score": 0.844632768361582,
      "support": 1054.0
    },
    "1": {
      "precision": 0.5589887640449438,
      "recall": 0.5349462365591398,
      "f1-score": 0.5467032967032966,
      "support": 372.0
    },
    "accuracy": 0.7685834502103787,
    "macro avg": {
      "precision": 0.6986532605271447,
      "recall": 0.6929949399114484,
      "f1-score": 0.6956680325324394,
      "support": 1426.0
    },
    "weighted avg": {
      "precision": 0.7654493240621104,
      "recall": 0.7685834502103787,
      "f1-score": 0.766912036624638,
      "support": 1426.0
    }
  }
}