{
  "athlete_group_holdout": {
    "0": {
      "precision": 0.8099041533546326,
      "recall": 0.8022151898734177,
      "f1-score": 0.8060413354531002,
      "support": 632.0
    },
    "1": {
      "precision": 0.6921182266009852,
      "recall": 0.7025,
      "f1-score": 0.6972704714640199,
      "support": 400.0
    },
    "accuracy": 0.7635658914728682,
    "macro avg": {
      "precision": 0.7510111899778089,
      "recall": 0.7523575949367088,
      "f1-score": 0.75165590345856,
      "support": 1032.0
    },
    "weighted avg": {
      "precision": 0.7642506933725987,
      "recall": 0.7635658914728682,
      "f1-score": 0.7638820858449296,
      "support": 1032.0
    }
  },
  "time_external_season_ge_2023": {
    "0": {
      "precision": 0.8642424242424243,
      "recall": 0.6822966507177034,
      "f1-score": 0.7625668449197861,
      "support": 1045.0
    },
    "1": {
      "precision": 0.6584362139917695,
      "recall": 0.851063829787234,
      "f1-score": 0.7424593967517401,
      "support": 752.0
    },
    "accuracy": 0.7529215358931552,
    "macro avg": {
      "precision": 0.761339319117097,
      "recall": 0.7666802402524687,
      "f1-score": 0.7525131208357632,
      "support": 1797.0
    },
    "weighted avg": {
      "precision": 0.7781176217335247,
      "recall": 0.7529215358931552,
      "f1-score": 0.7541523757921452,
      "support": 1797.0
    }
  },
  "random_stratified_holdout": {
    "0": {
      "precision": 0.7792706333973128,
      "recall": 0.7748091603053435,
      "f1-score": 0.7770334928229665,
      "support": 524.0
    },
    "1": {
      "precision": 0.7230046948356808,
      "recall": 0.7281323877068558,
      "f1-score": 0.7255594817432274,
      "support": 423.0
    },
    "accuracy": 0.7539598732840549,
    "macro avg": {
      "precision": 0.7511376641164969,
      "recall": 0.7514707740060997,
      "f1-score": 0.751296487283097,
      "support": 947.0
    },
    "weighted avg": {
      "precision": 0.7541381180735849,
      "recall": 0.7539598732840549,
      "f1-score": 0.7540414055085741,
      "support": 947.0
    }
  }
}