{
  "athlete_group_holdout": {
    "0": {
      "precision": 0.8020743301642178,
      "recall": 0.8697282099343955,
      "f1-score": 0.8345323741007195,
      "support": 1067.0
    },
    "1": {
      "precision": 0.8783902012248469,
      "recall": 0.8142741281427412,
      "f1-score": 0.8451178451178452,
      "support": 1233.0
    },
    "accuracy": 0.84,
    "macro avg": {
      "precision": 0.8402322656945324,
      "recall": 0.8420011690385684,
      "f1-score": 0.8398251096092824,
      "support": 2300.0
    },
    "weighted avg": {
      "precision": 0.842986273215416,
      "recall": 0.84,
      "f1-score": 0.8402071070416395,
      "support": 2300.0
    }
  },
  "time_external_season_ge_2023": {
    "0": {
      "precision": 0.8459069020866774,
      "recall": 0.8247261345852895,
      "f1-score": 0.8351822503961965,
      "support": 2556.0
    },
    "1": {
      "precision": 0.8175895765472313,
      "recall": 0.8394648829431438,
      "f1-score": 0.8283828382838284,
      "support": 2392.0
    },
    "accuracy": 0.8318512530315278,
    "macro avg": {
      "precision": 0.8317482393169544,
      "recall": 0.8320955087642167,
      "f1-score": 0.8317825443400124,
      "support": 4948.0
    },
    "weighted avg": {
      "precision": 0.8322175240166784,
      "recall": 0.8318512530315278,
      "f1-score": 0.8318952265940978,
      "support": 4948.0
    }
  },
  "random_stratified_holdout": {
    "0": {
      "precision": 0.7990235964198535,
      "recall": 0.8799283154121864,
      "f1-score": 0.8375266524520256,
      "support": 1116.0
    },
    "1": {
      "precision": 0.875,
      "recall": 0.7915611814345992,
      "f1-score": 0.8311918475852902,
      "support": 1185.0
    },
    "accuracy": 0.834419817470665,
    "macro avg": {
      "precision": 0.8370117982099268,
      "recall": 0.8357447484233929,
      "f1-score": 0.8343592500186578,
      "support": 2301.0
    },
    "weighted avg": {
      "precision": 0.8381509489806852,
      "recall": 0.834419817470665,
      "f1-score": 0.834264269241647,
      "support": 2301.0
    }
  }
}