{
  "athlete_group_holdout": {
    "1": {
      "precision": 0.2708333333333333,
      "recall": 0.18055555555555555,
      "f1-score": 0.21666666666666667,
      "support": 72.0
    },
    "2": {
      "precision": 0.3484848484848485,
      "recall": 0.26136363636363635,
      "f1-score": 0.2987012987012987,
      "support": 88.0
    },
    "3": {
      "precision": 0.14285714285714285,
      "recall": 0.01098901098901099,
      "f1-score": 0.02040816326530612,
      "support": 91.0
    },
    "5": {
      "precision": 0.4605678233438486,
      "recall": 0.5309090909090909,
      "f1-score": 0.49324324324324326,
      "support": 550.0
    },
    "7": {
      "precision": 0.32167832167832167,
      "recall": 0.2621082621082621,
      "f1-score": 0.28885400313971743,
      "support": 351.0
    },
    "8": {
      "precision": 0.21428571428571427,
      "recall": 0.08333333333333333,
      "f1-score": 0.12,
      "support": 36.0
    },
    "9": {
      "precision": 0.5264187866927593,
      "recall": 0.7116402116402116,
      "f1-score": 0.6051743532058492,
      "support": 378.0
    },
    "accuracy": 0.4425287356321839,
    "macro avg": {
      "precision": 0.32644656723942406,
      "recall": 0.2915570144141573,
      "f1-score": 0.29186396117458313,
      "support": 1566.0
    },
    "weighted avg": {
      "precision": 0.40618687579758816,
      "recall": 0.4425287356321839,
      "f1-score": 0.41474476471295835,
      "support": 1566.0
    }
  },
  "time_external_season_ge_2023": {
    "1": {
      "precision": 0.11392405063291139,
      "recall": 0.3333333333333333,
      "f1-score": 0.16981132075471697,
      "support": 108.0
    },
    "2": {
      "precision": 0.3023255813953488,
      "recall": 0.043478260869565216,
      "f1-score": 0.07602339181286549,
      "support": 299.0
    },
    "3": {
      "precision": 0.13157894736842105,
      "recall": 0.03164556962025317,
      "f1-score": 0.05102040816326531,
      "support": 158.0
    },
    "5": {
      "precision": 0.5415778251599147,
      "recall": 0.4163934426229508,
      "f1-score": 0.47080630213160335,
      "support": 1220.0
    },
    "7": {
      "precision": 0.2509907529722589,
      "recall": 0.3275862068965517,
      "f1-score": 0.28421839940164545,
      "support": 580.0
    },
    "8": {
      "precision": 0.0,
      "recall": 0.0,
      "f1-score": 0.0,
      "support": 0.0
    },
    "9": {
      "precision": 0.49774774774774777,
      "recall": 0.6323319027181689,
      "f1-score": 0.5570258349086327,
      "support": 699.0
    },
    "accuracy": 0.389686684073107,
    "macro avg": {
      "precision": 0.26259212932522896,
      "recall": 0.25496695943726044,
      "f1-score": 0.22984366531038988,
      "support": 3064.0
    },
    "weighted avg": {
      "precision": 0.41700844617638905,
      "recall": 0.389686684073107,
      "f1-score": 0.3843744321599207,
      "support": 3064.0
    }
  },
  "random_stratified_holdout": {
    "1": {
      "precision": 0.2916666666666667,
      "recall": 0.16666666666666666,
      "f1-score": 0.21212121212121213,
      "support": 84.0
    },
    "2": {
      "precision": 0.3939393939393939,
      "recall": 0.2988505747126437,
      "f1-score": 0.33986928104575165,
      "support": 87.0
    },
    "3": {
      "precision": 0.21428571428571427,
      "recall": 0.03571428571428571,
      "f1-score": 0.061224489795918366,
      "support": 84.0
    },
    "5": {
      "precision": 0.4832,
      "recall": 0.6088709677419355,
      "f1-score": 0.5388046387154326,
      "support": 496.0
    },
    "7": {
      "precision": 0.3562231759656652,
      "recall": 0.2739273927392739,
      "f1-score": 0.30970149253731344,
      "support": 303.0
    },
    "8": {
      "precision": 0.6153846153846154,
      "recall": 0.21052631578947367,
      "f1-score": 0.3137254901960784,
      "support": 38.0
    },
    "9": {
      "precision": 0.5292740046838408,
      "recall": 0.6766467065868264,
      "f1-score": 0.5939553219448095,
      "support": 334.0
    },
    "accuracy": 0.4642356241234222,
    "macro avg": {
      "precision": 0.4119962244179852,
      "recall": 0.3244575585644437,
      "f1-score": 0.33848598947950226,
      "support": 1426.0
    },
    "weighted avg": {
      "precision": 0.43796471426321326,
      "recall": 0.4642356241234222,
      "f1-score": 0.4375308314240514,
      "support": 1426.0
    }
  }
}