{
  "athlete_group_holdout": {
    "0": {
      "precision": 0.8319838056680162,
      "recall": 0.8763326226012793,
      "f1-score": 0.8535825545171339,
      "support": 469.0
    },
    "1": {
      "precision": 0.8516624040920716,
      "recall": 0.8004807692307693,
      "f1-score": 0.8252788104089219,
      "support": 416.0
    },
    "accuracy": 0.8406779661016949,
    "macro avg": {
      "precision": 0.841823104880044,
      "recall": 0.8384066959160243,
      "f1-score": 0.839430682463028,
      "support": 885.0
    },
    "weighted avg": {
      "precision": 0.841233858712544,
      "recall": 0.8406779661016949,
      "f1-score": 0.8402781957046862,
      "support": 885.0
    }
  },
  "time_external_season_ge_2023": {
    "0": {
      "precision": 0.8555276381909548,
      "recall": 0.8787096774193548,
      "f1-score": 0.8669637173774666,
      "support": 775.0
    },
    "1": {
      "precision": 0.8761528326745718,
      "recall": 0.8525641025641025,
      "f1-score": 0.8641975308641975,
      "support": 780.0
    },
    "accuracy": 0.8655948553054662,
    "macro avg": {
      "precision": 0.8658402354327632,
      "recall": 0.8656368899917286,
      "f1-score": 0.865580624120832,
      "support": 1555.0
    },
    "weighted avg": {
      "precision": 0.865873394909425,
      "recall": 0.8655948553054662,
      "f1-score": 0.8655761768756338,
      "support": 1555.0
    }
  },
  "random_stratified_holdout": {
    "0": {
      "precision": 0.8622448979591837,
      "recall": 0.8779220779220779,
      "f1-score": 0.87001287001287,
      "support": 385.0
    },
    "1": {
      "precision": 0.8825,
      "recall": 0.8673218673218673,
      "f1-score": 0.8748451053283767,
      "support": 407.0
    },
    "accuracy": 0.8724747474747475,
    "macro avg": {
      "precision": 0.8723724489795919,
      "recall": 0.8726219726219726,
      "f1-score": 0.8724289876706233,
      "support": 792.0
    },
    "weighted avg": {
      "precision": 0.8726537698412697,
      "recall": 0.8724747474747475,
      "f1-score": 0.8724961020500054,
      "support": 792.0
    }
  }
}