{
  "athlete_group_holdout": {
    "0": {
      "precision": 0.7918367346938775,
      "recall": 0.8049792531120332,
      "f1-score": 0.7983539094650206,
      "support": 241.0
    },
    "1": {
      "precision": 0.4139344262295082,
      "recall": 0.45701357466063347,
      "f1-score": 0.4344086021505376,
      "support": 221.0
    },
    "2": {
      "precision": 0.43253968253968256,
      "recall": 0.4128787878787879,
      "f1-score": 0.42248062015503873,
      "support": 264.0
    },
    "3": {
      "precision": 0.6973180076628352,
      "recall": 0.6594202898550725,
      "f1-score": 0.6778398510242085,
      "support": 276.0
    },
    "accuracy": 0.5848303393213573,
    "macro avg": {
      "precision": 0.5839072127814758,
      "recall": 0.5835729763766317,
      "f1-score": 0.5832707456987014,
      "support": 1002.0
    },
    "weighted avg": {
      "precision": 0.5877868338955734,
      "recall": 0.5848303393213573,
      "f1-score": 0.5858545667264976,
      "support": 1002.0
    }
  },
  "time_external_season_ge_2023": {
    "0": {
      "precision": 0.8571428571428571,
      "recall": 0.5951219512195122,
      "f1-score": 0.7024952015355086,
      "support": 615.0
    },
    "1": {
      "precision": 0.4554140127388535,
      "recall": 0.4897260273972603,
      "f1-score": 0.47194719471947194,
      "support": 584.0
    },
    "2": {
      "precision": 0.4126637554585153,
      "recall": 0.3586337760910816,
      "f1-score": 0.383756345177665,
      "support": 527.0
    },
    "3": {
      "precision": 0.5594202898550724,
      "recall": 0.8092243186582809,
      "f1-score": 0.6615252784918595,
      "support": 477.0
    },
    "accuracy": 0.5569677712210622,
    "macro avg": {
      "precision": 0.5711602287988246,
      "recall": 0.5631765183415337,
      "f1-score": 0.5549310049811262,
      "support": 2203.0
    },
    "weighted avg": {
      "precision": 0.5798556141488219,
      "recall": 0.5569677712210622,
      "f1-score": 0.5562591295550413,
      "support": 2203.0
    }
  },
  "random_stratified_holdout": {
    "0": {
      "precision": 0.8064516129032258,
      "recall": 0.7434944237918215,
      "f1-score": 0.7736943907156673,
      "support": 269.0
    },
    "1": {
      "precision": 0.5017921146953405,
      "recall": 0.5223880597014925,
      "f1-score": 0.5118829981718465,
      "support": 268.0
    },
    "2": {
      "precision": 0.4805194805194805,
      "recall": 0.4141791044776119,
      "f1-score": 0.44488977955911824,
      "support": 268.0
    },
    "3": {
      "precision": 0.6666666666666666,
      "recall": 0.7835820895522388,
      "f1-score": 0.7204116638078902,
      "support": 268.0
    },
    "accuracy": 0.6160298229263746,
    "macro avg": {
      "precision": 0.6138574686961784,
      "recall": 0.6159109193807912,
      "f1-score": 0.6127197080636305,
      "support": 1073.0
    },
    "weighted avg": {
      "precision": 0.6140369599768931,
      "recall": 0.6160298229263746,
      "f1-score": 0.6128697310670342,
      "support": 1073.0
    }
  }
}