{
  "athlete_group_holdout": {
    "0": {
      "precision": 0.8282275711159738,
      "recall": 0.8524774774774775,
      "f1-score": 0.8401775804661488,
      "support": 888.0
    },
    "1": {
      "precision": 0.7088888888888889,
      "recall": 0.6701680672268907,
      "f1-score": 0.6889848812095032,
      "support": 476.0
    },
    "accuracy": 0.7888563049853372,
    "macro avg": {
      "precision": 0.7685582300024314,
      "recall": 0.761322772352184,
      "f1-score": 0.7645812308378259,
      "support": 1364.0
    },
    "weighted avg": {
      "precision": 0.7865815207200116,
      "recall": 0.7888563049853372,
      "f1-score": 0.787415318848727,
      "support": 1364.0
    }
  },
  "time_external_season_ge_2023": {
    "0": {
      "precision": 0.8979228486646884,
      "recall": 0.7553669495756365,
      "f1-score": 0.8204989154013015,
      "support": 2003.0
    },
    "1": {
      "precision": 0.5458758109360519,
      "recall": 0.7739816031537451,
      "f1-score": 0.6402173913043478,
      "support": 761.0
    },
    "accuracy": 0.7604920405209841,
    "macro avg": {
      "precision": 0.7218993298003702,
      "recall": 0.7646742763646908,
      "f1-score": 0.7303581533528247,
      "support": 2764.0
    },
    "weighted avg": {
      "precision": 0.8009952814752919,
      "recall": 0.7604920405209841,
      "f1-score": 0.7708627938970389,
      "support": 2764.0
    }
  },
  "random_stratified_holdout": {
    "0": {
      "precision": 0.8233369683751364,
      "recall": 0.8638443935926774,
      "f1-score": 0.8431044109436069,
      "support": 874.0
    },
    "1": {
      "precision": 0.6948717948717948,
      "recall": 0.625866050808314,
      "f1-score": 0.6585662211421628,
      "support": 433.0
    },
    "accuracy": 0.7850038255547054,
    "macro avg": {
      "precision": 0.7591043816234656,
      "recall": 0.7448552222004957,
      "f1-score": 0.7508353160428849,
      "support": 1307.0
    },
    "weighted avg": {
      "precision": 0.7807773508334784,
      "recall": 0.7850038255547054,
      "f1-score": 0.7819681935112999,
      "support": 1307.0
    }
  }
}