{
  "athlete_group_holdout": {
    "0": {
      "precision": 0.8299319727891157,
      "recall": 0.8507670850767085,
      "f1-score": 0.8402203856749312,
      "support": 717.0
    },
    "1": {
      "precision": 0.8414814814814815,
      "recall": 0.8196248196248196,
      "f1-score": 0.8304093567251462,
      "support": 693.0
    },
    "accuracy": 0.8354609929078014,
    "macro avg": {
      "precision": 0.8357067271352986,
      "recall": 0.835195952350764,
      "f1-score": 0.8353148712000387,
      "support": 1410.0
    },
    "weighted avg": {
      "precision": 0.8356084334442998,
      "recall": 0.8354609929078014,
      "f1-score": 0.8353983693187603,
      "support": 1410.0
    }
  },
  "time_external_season_ge_2023": {
    "0": {
      "precision": 0.8675271739130435,
      "recall": 0.8072060682680152,
      "f1-score": 0.8362802881466929,
      "support": 1582.0
    },
    "1": {
      "precision": 0.7873082287308228,
      "recall": 0.8527190332326284,
      "f1-score": 0.8187092095721538,
      "support": 1324.0
    },
    "accuracy": 0.8279421885753613,
    "macro avg": {
      "precision": 0.8274177013219332,
      "recall": 0.8299625507503219,
      "f1-score": 0.8274947488594233,
      "support": 2906.0
    },
    "weighted avg": {
      "precision": 0.8309786937267875,
      "recall": 0.8279421885753613,
      "f1-score": 0.828274745120991,
      "support": 2906.0
    }
  },
  "random_stratified_holdout": {
    "0": {
      "precision": 0.8283261802575107,
      "recall": 0.8628912071535022,
      "f1-score": 0.8452554744525548,
      "support": 671.0
    },
    "1": {
      "precision": 0.8535031847133758,
      "recall": 0.8170731707317073,
      "f1-score": 0.8348909657320872,
      "support": 656.0
    },
    "accuracy": 0.840241145440844,
    "macro avg": {
      "precision": 0.8409146824854432,
      "recall": 0.8399821889426047,
      "f1-score": 0.840073220092321,
      "support": 1327.0
    },
    "weighted avg": {
      "precision": 0.8407723859267252,
      "recall": 0.840241145440844,
      "f1-score": 0.8401317987022708,
      "support": 1327.0
    }
  }
}