{
  "athlete_group_holdout": {
    "1": {
      "precision": 0.17857142857142858,
      "recall": 0.13392857142857142,
      "f1-score": 0.15306122448979592,
      "support": 112.0
    },
    "2": {
      "precision": 0.20202020202020202,
      "recall": 0.24096385542168675,
      "f1-score": 0.21978021978021978,
      "support": 83.0
    },
    "3": {
      "precision": 0.17391304347826086,
      "recall": 0.05714285714285714,
      "f1-score": 0.08602150537634409,
      "support": 140.0
    },
    "5": {
      "precision": 0.4272608125819135,
      "recall": 0.4611032531824611,
      "f1-score": 0.4435374149659864,
      "support": 707.0
    },
    "7": {
      "precision": 0.35648994515539306,
      "recall": 0.35071942446043164,
      "f1-score": 0.3535811423390752,
      "support": 556.0
    },
    "8": {
      "precision": 0.0,
      "recall": 0.0,
      "f1-score": 0.0,
      "support": 72.0
    },
    "9": {
      "precision": 0.5073891625615764,
      "recall": 0.6192384769539078,
      "f1-score": 0.5577617328519856,
      "support": 499.0
    },
    "accuracy": 0.4024896265560166,
    "macro avg": {
      "precision": 0.26366351348125344,
      "recall": 0.2661566340842737,
      "f1-score": 0.2591061771147724,
      "support": 2169.0
    },
    "weighted avg": {
      "precision": 0.3755576297716327,
      "recall": 0.4024896265560166,
      "f1-score": 0.38539548102901,
      "support": 2169.0
    }
  },
  "time_external_season_ge_2023": {
    "1": {
      "precision": 0.052083333333333336,
      "recall": 0.26785714285714285,
      "f1-score": 0.0872093023255814,
      "support": 112.0
    },
    "2": {
      "precision": 0.06896551724137931,
      "recall": 0.006622516556291391,
      "f1-score": 0.012084592145015106,
      "support": 302.0
    },
    "3": {
      "precision": 0.07608695652173914,
      "recall": 0.029914529914529916,
      "f1-score": 0.04294478527607362,
      "support": 234.0
    },
    "5": {
      "precision": 0.4576822916666667,
      "recall": 0.3473320158102767,
      "f1-score": 0.3949438202247191,
      "support": 2024.0
    },
    "7": {
      "precision": 0.3617216117216117,
      "recall": 0.30739299610894943,
      "f1-score": 0.33235170382835505,
      "support": 1285.0
    },
    "8": {
      "precision": 0.0,
      "recall": 0.0,
      "f1-score": 0.0,
      "support": 0.0
    },
    "9": {
      "precision": 0.4966807483403742,
      "recall": 0.6330769230769231,
      "f1-score": 0.5566452485627325,
      "support": 1300.0
    },
    "accuracy": 0.37283621837549935,
    "macro avg": {
      "precision": 0.2161743512607292,
      "recall": 0.22745658918915906,
      "f1-score": 0.2037399217660681,
      "support": 5257.0
    },
    "weighted avg": {
      "precision": 0.3959123967290104,
      "recall": 0.37283621837549935,
      "f1-score": 0.37541242593279067,
      "support": 5257.0
    }
  },
  "random_stratified_holdout": {
    "1": {
      "precision": 0.2413793103448276,
      "recall": 0.17355371900826447,
      "f1-score": 0.20192307692307693,
      "support": 121.0
    },
    "2": {
      "precision": 0.23770491803278687,
      "recall": 0.29591836734693877,
      "f1-score": 0.2636363636363636,
      "support": 98.0
    },
    "3": {
      "precision": 0.20454545454545456,
      "recall": 0.06666666666666667,
      "f1-score": 0.1005586592178771,
      "support": 135.0
    },
    "5": {
      "precision": 0.45382882882882886,
      "recall": 0.48263473053892214,
      "f1-score": 0.4677887405687754,
      "support": 835.0
    },
    "7": {
      "precision": 0.3717948717948718,
      "recall": 0.3723916532905297,
      "f1-score": 0.37209302325581395,
      "support": 623.0
    },
    "8": {
      "precision": 0.0,
      "recall": 0.0,
      "f1-score": 0.0,
      "support": 81.0
    },
    "9": {
      "precision": 0.5255376344086021,
      "recall": 0.6147798742138365,
      "f1-score": 0.5666666666666667,
      "support": 636.0
    },
    "accuracy": 0.4290233293792013,
    "macro avg": {
      "precision": 0.2906844311364817,
      "recall": 0.2865635730093083,
      "f1-score": 0.28180950432408197,
      "support": 2529.0
    },
    "weighted avg": {
      "precision": 0.4052719761038837,
      "recall": 0.4290233293792013,
      "f1-score": 0.41386398845463374,
      "support": 2529.0
    }
  }
}