{
  "athlete_group_holdout": {
    "0": {
      "precision": 0.7920489296636085,
      "recall": 0.8274760383386581,
      "f1-score": 0.809375,
      "support": 626.0
    },
    "1": {
      "precision": 0.7049180327868853,
      "recall": 0.6548223350253807,
      "f1-score": 0.6789473684210526,
      "support": 394.0
    },
    "accuracy": 0.7607843137254902,
    "macro avg": {
      "precision": 0.7484834812252469,
      "recall": 0.7411491866820195,
      "f1-score": 0.7441611842105262,
      "support": 1020.0
    },
    "weighted avg": {
      "precision": 0.7583924851837762,
      "recall": 0.7607843137254902,
      "f1-score": 0.7589941305469556,
      "support": 1020.0
    }
  },
  "time_external_season_ge_2023": {
    "0": {
      "precision": 0.8918711656441718,
      "recall": 0.7671503957783641,
      "f1-score": 0.824822695035461,
      "support": 1516.0
    },
    "1": {
      "precision": 0.5817535545023697,
      "recall": 0.7768987341772152,
      "f1-score": 0.6653116531165312,
      "support": 632.0
    },
    "accuracy": 0.7700186219739292,
    "macro avg": {
      "precision": 0.7368123600732708,
      "recall": 0.7720245649777897,
      "f1-score": 0.7450671740759961,
      "support": 2148.0
    },
    "weighted avg": {
      "precision": 0.8006261329432319,
      "recall": 0.7700186219739292,
      "f1-score": 0.7778902097036343,
      "support": 2148.0
    }
  },
  "random_stratified_holdout": {
    "0": {
      "precision": 0.8157560355781448,
      "recall": 0.8855172413793103,
      "f1-score": 0.8492063492063492,
      "support": 725.0
    },
    "1": {
      "precision": 0.7067137809187279,
      "recall": 0.5797101449275363,
      "f1-score": 0.6369426751592356,
      "support": 345.0
    },
    "accuracy": 0.7869158878504673,
    "macro avg": {
      "precision": 0.7612349082484364,
      "recall": 0.7326136931534233,
      "f1-score": 0.7430745121827924,
      "support": 1070.0
    },
    "weighted avg": {
      "precision": 0.7805975515991739,
      "recall": 0.7869158878504673,
      "f1-score": 0.7807661926210648,
      "support": 1070.0
    }
  }
}