{
  "athlete_group_holdout": {
    "0": {
      "precision": 0.9333333333333333,
      "recall": 0.9545454545454546,
      "f1-score": 0.9438202247191011,
      "support": 44.0
    },
    "1": {
      "precision": 0.9921259842519685,
      "recall": 0.9947368421052631,
      "f1-score": 0.9934296977660972,
      "support": 380.0
    },
    "2": {
      "precision": 0.9620253164556962,
      "recall": 0.9702127659574468,
      "f1-score": 0.9661016949152542,
      "support": 235.0
    },
    "3": {
      "precision": 1.0,
      "recall": 0.9942418426103646,
      "f1-score": 0.9971126082771896,
      "support": 521.0
    },
    "4": {
      "precision": 0.9672131147540983,
      "recall": 0.9619565217391305,
      "f1-score": 0.9645776566757494,
      "support": 184.0
    },
    "accuracy": 0.9846041055718475,
    "macro avg": {
      "precision": 0.9709395497590194,
      "recall": 0.9751386853915319,
      "f1-score": 0.9730083764706784,
      "support": 1364.0
    },
    "weighted avg": {
      "precision": 0.984690398214265,
      "recall": 0.9846041055718475,
      "f1-score": 0.9846357999153929,
      "support": 1364.0
    }
  },
  "time_external_season_ge_2023": {
    "0": {
      "precision": 0.8955223880597015,
      "recall": 0.9523809523809523,
      "f1-score": 0.9230769230769231,
      "support": 63.0
    },
    "1": {
      "precision": 0.9902319902319903,
      "recall": 0.9878197320341048,
      "f1-score": 0.9890243902439024,
      "support": 821.0
    },
    "2": {
      "precision": 0.9572072072072072,
      "recall": 0.9929906542056075,
      "f1-score": 0.9747706422018348,
      "support": 428.0
    },
    "3": {
      "precision": 0.999129677980853,
      "recall": 0.9956634865568084,
      "f1-score": 0.9973935708079931,
      "support": 1153.0
    },
    "4": {
      "precision": 0.9894736842105263,
      "recall": 0.9431438127090301,
      "f1-score": 0.9657534246575342,
      "support": 299.0
    },
    "accuracy": 0.9862518089725036,
    "macro avg": {
      "precision": 0.9663129895380557,
      "recall": 0.9743997275773006,
      "f1-score": 0.9700037901976375,
      "support": 2764.0
    },
    "weighted avg": {
      "precision": 0.9865890772083142,
      "recall": 0.9862518089725036,
      "f1-score": 0.9862879039510472,
      "support": 2764.0
    }
  },
  "random_stratified_holdout": {
    "0": {
      "precision": 0.967741935483871,
      "recall": 0.967741935483871,
      "f1-score": 0.967741935483871,
      "support": 31.0
    },
    "1": {
      "precision": 0.9947643979057592,
      "recall": 0.9947643979057592,
      "f1-score": 0.9947643979057592,
      "support": 382.0
    },
    "2": {
      "precision": 0.9823008849557522,
      "recall": 0.9910714285714286,
      "f1-score": 0.9866666666666667,
      "support": 224.0
    },
    "3": {
      "precision": 1.0,
      "recall": 0.9961240310077519,
      "f1-score": 0.9980582524271845,
      "support": 516.0
    },
    "4": {
      "precision": 0.9805194805194806,
      "recall": 0.9805194805194806,
      "f1-score": 0.9805194805194806,
      "support": 154.0
    },
    "accuracy": 0.9923488905891354,
    "macro avg": {
      "precision": 0.9850653397729726,
      "recall": 0.9860442546976582,
      "f1-score": 0.9855501466005924,
      "support": 1307.0
    },
    "weighted avg": {
      "precision": 0.9923759741622712,
      "recall": 0.9923488905891354,
      "f1-score": 0.9923576064160371,
      "support": 1307.0
    }
  }
}