{
  "athlete_group_holdout": {
    "0": {
      "precision": 0.7816091954022989,
      "recall": 0.8923884514435696,
      "f1-score": 0.8333333333333334,
      "support": 381.0
    },
    "1": {
      "precision": 0.9135021097046413,
      "recall": 0.8200757575757576,
      "f1-score": 0.8642714570858283,
      "support": 528.0
    },
    "accuracy": 0.8503850385038504,
    "macro avg": {
      "precision": 0.8475556525534701,
      "recall": 0.8562321045096636,
      "f1-score": 0.8488023952095809,
      "support": 909.0
    },
    "weighted avg": {
      "precision": 0.8582202611356727,
      "recall": 0.8503850385038504,
      "f1-score": 0.8513039926747166,
      "support": 909.0
    }
  },
  "time_external_season_ge_2023": {
    "0": {
      "precision": 0.841304347826087,
      "recall": 0.823404255319149,
      "f1-score": 0.832258064516129,
      "support": 940.0
    },
    "1": {
      "precision": 0.8448598130841122,
      "recall": 0.8609523809523809,
      "f1-score": 0.8528301886792453,
      "support": 1050.0
    },
    "accuracy": 0.84321608040201,
    "macro avg": {
      "precision": 0.8430820804550996,
      "recall": 0.8421783181357649,
      "f1-score": 0.8425441265976872,
      "support": 1990.0
    },
    "weighted avg": {
      "precision": 0.843180347082834,
      "recall": 0.84321608040201,
      "f1-score": 0.8431127028936527,
      "support": 1990.0
    }
  },
  "random_stratified_holdout": {
    "0": {
      "precision": 0.8242009132420092,
      "recall": 0.8298850574712644,
      "f1-score": 0.827033218785796,
      "support": 435.0
    },
    "1": {
      "precision": 0.8619402985074627,
      "recall": 0.8571428571428571,
      "f1-score": 0.8595348837209302,
      "support": 539.0
    },
    "accuracy": 0.8449691991786448,
    "macro avg": {
      "precision": 0.8430706058747359,
      "recall": 0.8435139573070607,
      "f1-score": 0.8432840512533631,
      "support": 974.0
    },
    "weighted avg": {
      "precision": 0.8450854395850066,
      "recall": 0.8449691991786448,
      "f1-score": 0.8450192530774155,
      "support": 974.0
    }
  }
}