{
  "athlete_group_holdout": {
    "0": {
      "precision": 0.9941520467836257,
      "recall": 0.9941520467836257,
      "f1-score": 0.9941520467836257,
      "support": 171.0
    },
    "1": {
      "precision": 1.0,
      "recall": 1.0,
      "f1-score": 1.0,
      "support": 163.0
    },
    "2": {
      "precision": 1.0,
      "recall": 0.9870967741935484,
      "f1-score": 0.9935064935064936,
      "support": 310.0
    },
    "3": {
      "precision": 1.0,
      "recall": 1.0,
      "f1-score": 1.0,
      "support": 457.0
    },
    "4": {
      "precision": 0.9893390191897654,
      "recall": 0.9978494623655914,
      "f1-score": 0.9935760171306209,
      "support": 465.0
    },
    "accuracy": 0.9961685823754789,
    "macro avg": {
      "precision": 0.9966982131946782,
      "recall": 0.9958196566685531,
      "f1-score": 0.9962469114841479,
      "support": 1566.0
    },
    "weighted avg": {
      "precision": 0.9961958134886597,
      "recall": 0.9961685823754789,
      "f1-score": 0.9961684935841326,
      "support": 1566.0
    }
  },
  "time_external_season_ge_2023": {
    "0": {
      "precision": 0.976897689768977,
      "recall": 0.9932885906040269,
      "f1-score": 0.9850249584026622,
      "support": 298.0
    },
    "1": {
      "precision": 1.0,
      "recall": 0.9823943661971831,
      "f1-score": 0.9911190053285968,
      "support": 284.0
    },
    "2": {
      "precision": 0.9835766423357665,
      "recall": 0.9889908256880734,
      "f1-score": 0.9862763037511436,
      "support": 545.0
    },
    "3": {
      "precision": 1.0,
      "recall": 1.0,
      "f1-score": 1.0,
      "support": 1027.0
    },
    "4": {
      "precision": 0.9900771775082691,
      "recall": 0.9868131868131869,
      "f1-score": 0.988442487616951,
      "support": 910.0
    },
    "accuracy": 0.9918407310704961,
    "macro avg": {
      "precision": 0.9901103019226024,
      "recall": 0.9902973938604941,
      "f1-score": 0.9901725510198707,
      "support": 3064.0
    },
    "weighted avg": {
      "precision": 0.9918847954166686,
      "recall": 0.9918407310704961,
      "f1-score": 0.9918467638358727,
      "support": 3064.0
    }
  },
  "random_stratified_holdout": {
    "0": {
      "precision": 0.993103448275862,
      "recall": 0.993103448275862,
      "f1-score": 0.993103448275862,
      "support": 145.0
    },
    "1": {
      "precision": 1.0,
      "recall": 0.9846153846153847,
      "f1-score": 0.9922480620155039,
      "support": 130.0
    },
    "2": {
      "precision": 1.0,
      "recall": 0.9925925925925926,
      "f1-score": 0.9962825278810409,
      "support": 270.0
    },
    "3": {
      "precision": 1.0,
      "recall": 1.0,
      "f1-score": 1.0,
      "support": 447.0
    },
    "4": {
      "precision": 0.9885844748858448,
      "recall": 0.9976958525345622,
      "f1-score": 0.9931192660550459,
      "support": 434.0
    },
    "accuracy": 0.9957924263674615,
    "macro avg": {
      "precision": 0.9963375846323415,
      "recall": 0.9936014556036803,
      "f1-score": 0.9949506608454906,
      "support": 1426.0
    },
    "weighted avg": {
      "precision": 0.995824447475776,
      "recall": 0.9957924263674615,
      "f1-score": 0.9957940337011125,
      "support": 1426.0
    }
  }
}