{
  "athlete_group_holdout": {
    "0": {
      "precision": 0.7747035573122529,
      "recall": 0.7438330170777988,
      "f1-score": 0.7589545014520813,
      "support": 527.0
    },
    "1": {
      "precision": 0.5340909090909091,
      "recall": 0.5720081135902637,
      "f1-score": 0.5523996082272282,
      "support": 493.0
    },
    "2": {
      "precision": 0.5330882352941176,
      "recall": 0.5350553505535055,
      "f1-score": 0.5340699815837937,
      "support": 542.0
    },
    "3": {
      "precision": 0.7495769881556683,
      "recall": 0.729818780889621,
      "f1-score": 0.7395659432387313,
      "support": 607.0
    },
    "accuracy": 0.648686030428769,
    "macro avg": {
      "precision": 0.647864922463237,
      "recall": 0.6451788155277973,
      "f1-score": 0.6462475086254587,
      "support": 2169.0
    },
    "weighted avg": {
      "precision": 0.6526061079876799,
      "recall": 0.648686030428769,
      "f1-score": 0.6503847333727969,
      "support": 2169.0
    }
  },
  "time_external_season_ge_2023": {
    "0": {
      "precision": 0.7471439451637472,
      "recall": 0.7331838565022422,
      "f1-score": 0.7400980761976612,
      "support": 1338.0
    },
    "1": {
      "precision": 0.4823039555863983,
      "recall": 0.571076417419885,
      "f1-score": 0.5229495861550038,
      "support": 1217.0
    },
    "2": {
      "precision": 0.5842894969108562,
      "recall": 0.4537354352296093,
      "f1-score": 0.5108024691358025,
      "support": 1459.0
    },
    "3": {
      "precision": 0.6934306569343066,
      "recall": 0.7642799678197908,
      "f1-score": 0.7271335629544585,
      "support": 1243.0
    },
    "accuracy": 0.6254517785809397,
    "macro avg": {
      "precision": 0.6267920136488271,
      "recall": 0.6305689192428818,
      "f1-score": 0.6252459236107315,
      "support": 5257.0
    },
    "weighted avg": {
      "precision": 0.6279351712269399,
      "recall": 0.6254517785809397,
      "f1-score": 0.6231251081462124,
      "support": 5257.0
    }
  },
  "random_stratified_holdout": {
    "0": {
      "precision": 0.7803163444639719,
      "recall": 0.7025316455696202,
      "f1-score": 0.7393838467943381,
      "support": 632.0
    },
    "1": {
      "precision": 0.5562403697996918,
      "recall": 0.5703001579778831,
      "f1-score": 0.5631825273010921,
      "support": 633.0
    },
    "2": {
      "precision": 0.5238095238095238,
      "recall": 0.5221518987341772,
      "f1-score": 0.5229793977812995,
      "support": 632.0
    },
    "3": {
      "precision": 0.6872246696035242,
      "recall": 0.740506329113924,
      "f1-score": 0.7128712871287128,
      "support": 632.0
    },
    "accuracy": 0.6338473705021748,
    "macro avg": {
      "precision": 0.6368977269191779,
      "recall": 0.6338725078489011,
      "f1-score": 0.6346042647513607,
      "support": 2529.0
    },
    "weighted avg": {
      "precision": 0.6368658339349472,
      "recall": 0.6338473705021748,
      "f1-score": 0.6345760236531202,
      "support": 2529.0
    }
  }
}