{
  "athlete_group_holdout": {
    "1": {
      "precision": 0.752112676056338,
      "recall": 0.8449367088607594,
      "f1-score": 0.7958271236959762,
      "support": 316.0
    },
    "2": {
      "precision": 0.8064516129032258,
      "recall": 0.7313829787234043,
      "f1-score": 0.7670850767085077,
      "support": 752.0
    },
    "3": {
      "precision": 0.7344262295081967,
      "recall": 0.6274509803921569,
      "f1-score": 0.676737160120846,
      "support": 357.0
    },
    "4": {
      "precision": 0.7061224489795919,
      "recall": 0.6653846153846154,
      "f1-score": 0.6851485148514852,
      "support": 260.0
    },
    "5": {
      "precision": 0.7109826589595376,
      "recall": 0.754601226993865,
      "f1-score": 0.7321428571428571,
      "support": 163.0
    },
    "6": {
      "precision": 0.608433734939759,
      "recall": 0.7890625,
      "f1-score": 0.6870748299319728,
      "support": 128.0
    },
    "7": {
      "precision": 0.6751592356687898,
      "recall": 0.7571428571428571,
      "f1-score": 0.7138047138047138,
      "support": 140.0
    },
    "8": {
      "precision": 0.7131782945736435,
      "recall": 0.7666666666666667,
      "f1-score": 0.7389558232931727,
      "support": 120.0
    },
    "9": {
      "precision": 0.7414965986394558,
      "recall": 0.8074074074074075,
      "f1-score": 0.7730496453900709,
      "support": 270.0
    },
    "accuracy": 0.7398244213886672,
    "macro avg": {
      "precision": 0.7164848322476154,
      "recall": 0.7493373268413035,
      "f1-score": 0.7299806383266225,
      "support": 2506.0
    },
    "weighted avg": {
      "precision": 0.7438063370566493,
      "recall": 0.7398244213886672,
      "f1-score": 0.7392971890367089,
      "support": 2506.0
    }
  },
  "time_external_season_ge_2023": {
    "1": {
      "precision": 0.7187993680884676,
      "recall": 0.7844827586206896,
      "f1-score": 0.7502061005770816,
      "support": 580.0
    },
    "2": {
      "precision": 0.7306733167082294,
      "recall": 0.7508007687379885,
      "f1-score": 0.7406003159557661,
      "support": 1561.0
    },
    "3": {
      "precision": 0.682258064516129,
      "recall": 0.5437017994858612,
      "f1-score": 0.6051502145922747,
      "support": 778.0
    },
    "4": {
      "precision": 0.6428571428571429,
      "recall": 0.5675675675675675,
      "f1-score": 0.6028708133971292,
      "support": 555.0
    },
    "5": {
      "precision": 0.6637168141592921,
      "recall": 0.6797583081570997,
      "f1-score": 0.6716417910447762,
      "support": 331.0
    },
    "6": {
      "precision": 0.6286644951140065,
      "recall": 0.7018181818181818,
      "f1-score": 0.6632302405498282,
      "support": 275.0
    },
    "7": {
      "precision": 0.7166123778501629,
      "recall": 0.7284768211920529,
      "f1-score": 0.722495894909688,
      "support": 302.0
    },
    "8": {
      "precision": 0.674496644295302,
      "recall": 0.7701149425287356,
      "f1-score": 0.7191413237924866,
      "support": 261.0
    },
    "9": {
      "precision": 0.7100149476831091,
      "recall": 0.7612179487179487,
      "f1-score": 0.7347254447022429,
      "support": 624.0
    },
    "accuracy": 0.6985000949307006,
    "macro avg": {
      "precision": 0.6853436856968712,
      "recall": 0.6986598996473473,
      "f1-score": 0.6900069043912526,
      "support": 5267.0
    },
    "weighted avg": {
      "precision": 0.6973894172434556,
      "recall": 0.6985000949307006,
      "f1-score": 0.6959667499874013,
      "support": 5267.0
    }
  },
  "random_stratified_holdout": {
    "1": {
      "precision": 0.7813411078717201,
      "recall": 0.8481012658227848,
      "f1-score": 0.8133535660091047,
      "support": 316.0
    },
    "2": {
      "precision": 0.7976539589442815,
      "recall": 0.7462277091906722,
      "f1-score": 0.7710843373493976,
      "support": 729.0
    },
    "3": {
      "precision": 0.7224080267558528,
      "recall": 0.6033519553072626,
      "f1-score": 0.6575342465753424,
      "support": 358.0
    },
    "4": {
      "precision": 0.6626984126984127,
      "recall": 0.6472868217054264,
      "f1-score": 0.6549019607843137,
      "support": 258.0
    },
    "5": {
      "precision": 0.5771428571428572,
      "recall": 0.6516129032258065,
      "f1-score": 0.6121212121212121,
      "support": 155.0
    },
    "6": {
      "precision": 0.6643835616438356,
      "recall": 0.7348484848484849,
      "f1-score": 0.697841726618705,
      "support": 132.0
    },
    "7": {
      "precision": 0.6987179487179487,
      "recall": 0.8134328358208955,
      "f1-score": 0.7517241379310344,
      "support": 134.0
    },
    "8": {
      "precision": 0.7596899224806202,
      "recall": 0.8305084745762712,
      "f1-score": 0.7935222672064778,
      "support": 118.0
    },
    "9": {
      "precision": 0.7791798107255521,
      "recall": 0.8260869565217391,
      "f1-score": 0.801948051948052,
      "support": 299.0
    },
    "accuracy": 0.7390956382553021,
    "macro avg": {
      "precision": 0.7159128452201201,
      "recall": 0.7446063785577048,
      "f1-score": 0.7282257229492932,
      "support": 2499.0
    },
    "weighted avg": {
      "precision": 0.7408539186052894,
      "recall": 0.7390956382553021,
      "f1-score": 0.738153341448964,
      "support": 2499.0
    }
  }
}