{
  "athlete_group_holdout": {
    "0": {
      "precision": 0.8295524218271,
      "recall": 0.8466833541927409,
      "f1-score": 0.838030349953546,
      "support": 1598.0
    },
    "1": {
      "precision": 0.5446096654275093,
      "recall": 0.5131348511383538,
      "f1-score": 0.5284039675383229,
      "support": 571.0
    },
    "accuracy": 0.7588750576302443,
    "macro avg": {
      "precision": 0.6870810436273047,
      "recall": 0.6799091026655473,
      "f1-score": 0.6832171587459344,
      "support": 2169.0
    },
    "weighted avg": {
      "precision": 0.7545398289713294,
      "recall": 0.7588750576302443,
      "f1-score": 0.7565196702121479,
      "support": 2169.0
    }
  },
  "time_external_season_ge_2023": {
    "0": {
      "precision": 0.8472075869336143,
      "recall": 0.8127369219105383,
      "f1-score": 0.8296143428350315,
      "support": 3957.0
    },
    "1": {
      "precision": 0.4928131416837782,
      "recall": 0.5538461538461539,
      "f1-score": 0.5215501629844259,
      "support": 1300.0
    },
    "accuracy": 0.7487159977173293,
    "macro avg": {
      "precision": 0.6700103643086963,
      "recall": 0.6832915378783461,
      "f1-score": 0.6755822529097287,
      "support": 5257.0
    },
    "weighted avg": {
      "precision": 0.7595696225385626,
      "recall": 0.7487159977173293,
      "f1-score": 0.7534333586604477,
      "support": 5257.0
    }
  },
  "random_stratified_holdout": {
    "0": {
      "precision": 0.7992681651855724,
      "recall": 0.8438189845474614,
      "f1-score": 0.8209395973154362,
      "support": 1812.0
    },
    "1": {
      "precision": 0.5405844155844156,
      "recall": 0.46443514644351463,
      "f1-score": 0.49962490622655664,
      "support": 717.0
    },
    "accuracy": 0.7362593910636616,
    "macro avg": {
      "precision": 0.6699262903849941,
      "recall": 0.654127065495488,
      "f1-score": 0.6602822517709964,
      "support": 2529.0
    },
    "weighted avg": {
      "precision": 0.7259284069949716,
      "recall": 0.7362593910636616,
      "f1-score": 0.7298432614076756,
      "support": 2529.0
    }
  }
}