{
  "athlete_group_holdout": {
    "0": {
      "precision": 0.8314917127071824,
      "recall": 0.7879581151832461,
      "f1-score": 0.8091397849462365,
      "support": 382.0
    },
    "1": {
      "precision": 0.44472361809045224,
      "recall": 0.48760330578512395,
      "f1-score": 0.4651773981603154,
      "support": 363.0
    },
    "2": {
      "precision": 0.4173669467787115,
      "recall": 0.37531486146095716,
      "f1-score": 0.3952254641909814,
      "support": 397.0
    },
    "3": {
      "precision": 0.6169265033407573,
      "recall": 0.6533018867924528,
      "f1-score": 0.6345933562428407,
      "support": 424.0
    },
    "accuracy": 0.5772669220945083,
    "macro avg": {
      "precision": 0.5776271952292759,
      "recall": 0.576044542305445,
      "f1-score": 0.5760340008850935,
      "support": 1566.0
    },
    "weighted avg": {
      "precision": 0.5787586353183954,
      "recall": 0.5772669220945083,
      "f1-score": 0.5772176792544322,
      "support": 1566.0
    }
  },
  "time_external_season_ge_2023": {
    "0": {
      "precision": 0.7771509167842031,
      "recall": 0.6630565583634176,
      "f1-score": 0.7155844155844155,
      "support": 831.0
    },
    "1": {
      "precision": 0.423444976076555,
      "recall": 0.4280532043530834,
      "f1-score": 0.42573662056524353,
      "support": 827.0
    },
    "2": {
      "precision": 0.3676092544987147,
      "recall": 0.40625,
      "f1-score": 0.38596491228070173,
      "support": 704.0
    },
    "3": {
      "precision": 0.5452091767881242,
      "recall": 0.5754985754985755,
      "f1-score": 0.5599445599445599,
      "support": 702.0
    },
    "accuracy": 0.5205613577023499,
    "macro avg": {
      "precision": 0.5283535810368992,
      "recall": 0.5182145845537691,
      "f1-score": 0.5218076270937302,
      "support": 3064.0
    },
    "weighted avg": {
      "precision": 0.5344435914932579,
      "recall": 0.5205613577023499,
      "f1-score": 0.5259579679780682,
      "support": 3064.0
    }
  },
  "random_stratified_holdout": {
    "0": {
      "precision": 0.821656050955414,
      "recall": 0.7247191011235955,
      "f1-score": 0.7701492537313432,
      "support": 356.0
    },
    "1": {
      "precision": 0.4878048780487805,
      "recall": 0.5056179775280899,
      "f1-score": 0.496551724137931,
      "support": 356.0
    },
    "2": {
      "precision": 0.4438040345821326,
      "recall": 0.43137254901960786,
      "f1-score": 0.4375,
      "support": 357.0
    },
    "3": {
      "precision": 0.6136363636363636,
      "recall": 0.680672268907563,
      "f1-score": 0.6454183266932271,
      "support": 357.0
    },
    "accuracy": 0.5855539971949509,
    "macro avg": {
      "precision": 0.5917253318056727,
      "recall": 0.585595474144714,
      "f1-score": 0.5874048261406253,
      "support": 1426.0
    },
    "weighted avg": {
      "precision": 0.5916369655606566,
      "recall": 0.5855539971949509,
      "f1-score": 0.587340386220858,
      "support": 1426.0
    }
  }
}