{
  "athlete_group_holdout": {
    "1": {
      "precision": 0.9652042360060514,
      "recall": 0.9075391180654339,
      "f1-score": 0.9354838709677419,
      "support": 703.0
    },
    "2": {
      "precision": 0.8021390374331551,
      "recall": 0.8823529411764706,
      "f1-score": 0.8403361344537815,
      "support": 170.0
    },
    "3": {
      "precision": 0.8526315789473684,
      "recall": 0.9,
      "f1-score": 0.8756756756756757,
      "support": 180.0
    },
    "4": {
      "precision": 0.8541666666666666,
      "recall": 0.8631578947368421,
      "f1-score": 0.8586387434554974,
      "support": 190.0
    },
    "5": {
      "precision": 0.8792270531400966,
      "recall": 0.9077306733167082,
      "f1-score": 0.8932515337423312,
      "support": 401.0
    },
    "accuracy": 0.8990267639902676,
    "macro avg": {
      "precision": 0.8706737144386676,
      "recall": 0.8921561254590908,
      "f1-score": 0.8806771916590057,
      "support": 1644.0
    },
    "weighted avg": {
      "precision": 0.9022126602568505,
      "recall": 0.8990267639902676,
      "f1-score": 0.8999143260683128,
      "support": 1644.0
    }
  },
  "time_external_season_ge_2023": {
    "1": {
      "precision": 0.9472856018882769,
      "recall": 0.9204892966360856,
      "f1-score": 0.9336952307095774,
      "support": 1308.0
    },
    "2": {
      "precision": 0.8285714285714286,
      "recall": 0.8708708708708709,
      "f1-score": 0.849194729136164,
      "support": 333.0
    },
    "3": {
      "precision": 0.8540540540540541,
      "recall": 0.8777777777777778,
      "f1-score": 0.8657534246575342,
      "support": 360.0
    },
    "4": {
      "precision": 0.8571428571428571,
      "recall": 0.8352272727272727,
      "f1-score": 0.8460431654676259,
      "support": 352.0
    },
    "5": {
      "precision": 0.8722580645161291,
      "recall": 0.8941798941798942,
      "f1-score": 0.8830829523187459,
      "support": 756.0
    },
    "accuracy": 0.8941781923448054,
    "macro avg": {
      "precision": 0.8718624012345492,
      "recall": 0.8797090224383801,
      "f1-score": 0.8755539004579294,
      "support": 3109.0
    },
    "weighted avg": {
      "precision": 0.89532476517597,
      "recall": 0.8941781923448054,
      "f1-score": 0.8945462674959018,
      "support": 3109.0
    }
  },
  "random_stratified_holdout": {
    "1": {
      "precision": 0.9635761589403974,
      "recall": 0.9223454833597464,
      "f1-score": 0.9425101214574899,
      "support": 631.0
    },
    "2": {
      "precision": 0.8284023668639053,
      "recall": 0.89171974522293,
      "f1-score": 0.8588957055214724,
      "support": 157.0
    },
    "3": {
      "precision": 0.8545454545454545,
      "recall": 0.8703703703703703,
      "f1-score": 0.8623853211009175,
      "support": 162.0
    },
    "4": {
      "precision": 0.9194630872483222,
      "recall": 0.8726114649681529,
      "f1-score": 0.8954248366013072,
      "support": 157.0
    },
    "5": {
      "precision": 0.8659517426273459,
      "recall": 0.9150141643059491,
      "f1-score": 0.8898071625344353,
      "support": 353.0
    },
    "accuracy": 0.9061643835616439,
    "macro avg": {
      "precision": 0.8863877620450851,
      "recall": 0.8944122456454299,
      "f1-score": 0.8898046294431244,
      "support": 1460.0
    },
    "weighted avg": {
      "precision": 0.9085950420348132,
      "recall": 0.9061643835616439,
      "f1-score": 0.9068223028396964,
      "support": 1460.0
    }
  }
}