{
  "athlete_group_holdout": {
    "0": {
      "precision": 0.8057324840764332,
      "recall": 0.8057324840764332,
      "f1-score": 0.8057324840764332,
      "support": 628.0
    },
    "1": {
      "precision": 0.6247987117552335,
      "recall": 0.6499162479061976,
      "f1-score": 0.6371100164203612,
      "support": 597.0
    },
    "2": {
      "precision": 0.5846702317290553,
      "recall": 0.5684575389948007,
      "f1-score": 0.5764499121265377,
      "support": 577.0
    },
    "3": {
      "precision": 0.8261494252873564,
      "recall": 0.8167613636363636,
      "f1-score": 0.8214285714285714,
      "support": 704.0
    },
    "accuracy": 0.7170790103750998,
    "macro avg": {
      "precision": 0.7103377132120197,
      "recall": 0.7102169086534488,
      "f1-score": 0.7101802460129758,
      "support": 2506.0
    },
    "weighted avg": {
      "precision": 0.7174655826128643,
      "recall": 0.7170790103750998,
      "f1-score": 0.717179566394925,
      "support": 2506.0
    }
  },
  "time_external_season_ge_2023": {
    "0": {
      "precision": 0.7980456026058632,
      "recall": 0.692090395480226,
      "f1-score": 0.7413010590015129,
      "support": 1416.0
    },
    "1": {
      "precision": 0.507453013609851,
      "recall": 0.6209357652656622,
      "f1-score": 0.5584878744650499,
      "support": 1261.0
    },
    "2": {
      "precision": 0.5690821256038647,
      "recall": 0.4289876183539694,
      "f1-score": 0.489202657807309,
      "support": 1373.0
    },
    "3": {
      "precision": 0.6522929500342232,
      "recall": 0.7830731306491372,
      "f1-score": 0.7117251680358476,
      "support": 1217.0
    },
    "accuracy": 0.62749193089045,
    "macro avg": {
      "precision": 0.6317184229634505,
      "recall": 0.6312717274372487,
      "f1-score": 0.6251791898274298,
      "support": 5267.0
    },
    "weighted avg": {
      "precision": 0.6351093795514866,
      "recall": 0.62749193089045,
      "f1-score": 0.6249820178309535,
      "support": 5267.0
    }
  },
  "random_stratified_holdout": {
    "0": {
      "precision": 0.8075657894736842,
      "recall": 0.7868589743589743,
      "f1-score": 0.797077922077922,
      "support": 624.0
    },
    "1": {
      "precision": 0.6241935483870967,
      "recall": 0.6192,
      "f1-score": 0.6216867469879518,
      "support": 625.0
    },
    "2": {
      "precision": 0.6123128119800333,
      "recall": 0.5888,
      "f1-score": 0.600326264274062,
      "support": 625.0
    },
    "3": {
      "precision": 0.764179104477612,
      "recall": 0.8192,
      "f1-score": 0.7907335907335907,
      "support": 625.0
    },
    "accuracy": 0.7034813925570228,
    "macro avg": {
      "precision": 0.7020628135796065,
      "recall": 0.7035147435897435,
      "f1-score": 0.7024561310183817,
      "support": 2499.0
    },
    "weighted avg": {
      "precision": 0.7020205955020179,
      "recall": 0.7034813925570228,
      "f1-score": 0.702418267156413,
      "support": 2499.0
    }
  }
}