{
  "athlete_group_holdout": {
    "1": {
      "precision": 0.0,
      "recall": 0.0,
      "f1-score": 0.0,
      "support": 12.0
    },
    "2": {
      "precision": 0.3333333333333333,
      "recall": 0.045454545454545456,
      "f1-score": 0.08,
      "support": 22.0
    },
    "3": {
      "precision": 0.8571428571428571,
      "recall": 0.05357142857142857,
      "f1-score": 0.10084033613445378,
      "support": 112.0
    },
    "5": {
      "precision": 0.46140939597315433,
      "recall": 0.5392156862745098,
      "f1-score": 0.4972875226039783,
      "support": 510.0
    },
    "7": {
      "precision": 0.5193199381761978,
      "recall": 0.3857634902411022,
      "f1-score": 0.4426877470355731,
      "support": 871.0
    },
    "8": {
      "precision": 0.6,
      "recall": 0.1267605633802817,
      "f1-score": 0.20930232558139536,
      "support": 71.0
    },
    "9": {
      "precision": 0.5154545454545455,
      "recall": 0.7363636363636363,
      "f1-score": 0.6064171122994653,
      "support": 770.0
    },
    "accuracy": 0.504222972972973,
    "macro avg": {
      "precision": 0.4695228671542983,
      "recall": 0.26958990718364345,
      "f1-score": 0.2766478633792665,
      "support": 2368.0
    },
    "weighted avg": {
      "precision": 0.5196282903003,
      "recall": 0.504222972972973,
      "f1-score": 0.47890769570521086,
      "support": 2368.0
    }
  },
  "time_external_season_ge_2023": {
    "2": {
      "precision": 0.0,
      "recall": 0.0,
      "f1-score": 0.0,
      "support": 0.0
    },
    "3": {
      "precision": 0.027874564459930314,
      "recall": 0.12698412698412698,
      "f1-score": 0.045714285714285714,
      "support": 63.0
    },
    "5": {
      "precision": 0.7420634920634921,
      "recall": 0.2513440860215054,
      "f1-score": 0.3755020080321285,
      "support": 1488.0
    },
    "7": {
      "precision": 0.3896296296296296,
      "recall": 0.3513694054776219,
      "f1-score": 0.36951176677204073,
      "support": 1497.0
    },
    "8": {
      "precision": 0.0,
      "recall": 0.0,
      "f1-score": 0.0,
      "support": 0.0
    },
    "9": {
      "precision": 0.5031847133757962,
      "recall": 0.783212161269002,
      "f1-score": 0.6127197518097208,
      "support": 1513.0
    },
    "accuracy": 0.45889059416794564,
    "macro avg": {
      "precision": 0.27712539992147467,
      "recall": 0.2521516299587094,
      "f1-score": 0.23390796872136263,
      "support": 4561.0
    },
    "weighted avg": {
      "precision": 0.5372814296523979,
      "recall": 0.45889059416794564,
      "f1-score": 0.44767180164386317,
      "support": 4561.0
    }
  },
  "random_stratified_holdout": {
    "1": {
      "precision": 0.0,
      "recall": 0.0,
      "f1-score": 0.0,
      "support": 5.0
    },
    "2": {
      "precision": 0.0,
      "recall": 0.0,
      "f1-score": 0.0,
      "support": 23.0
    },
    "3": {
      "precision": 0.5625,
      "recall": 0.07563025210084033,
      "f1-score": 0.13333333333333333,
      "support": 119.0
    },
    "5": {
      "precision": 0.5123558484349259,
      "recall": 0.6003861003861004,
      "f1-score": 0.5528888888888889,
      "support": 518.0
    },
    "7": {
      "precision": 0.4934426229508197,
      "recall": 0.4106412005457026,
      "f1-score": 0.4482501861504095,
      "support": 733.0
    },
    "8": {
      "precision": 0.75,
      "recall": 0.11538461538461539,
      "f1-score": 0.2,
      "support": 78.0
    },
    "9": {
      "precision": 0.5783730158730159,
      "recall": 0.7493573264781491,
      "f1-score": 0.6528555431131019,
      "support": 778.0
    },
    "accuracy": 0.5381543921916593,
    "macro avg": {
      "precision": 0.41381021246553734,
      "recall": 0.27877135641362966,
      "f1-score": 0.28390399306939046,
      "support": 2254.0
    },
    "weighted avg": {
      "precision": 0.5334984376492675,
      "recall": 0.5381543921916593,
      "f1-score": 0.5121349201869364,
      "support": 2254.0
    }
  }
}