{
  "athlete_group_holdout": {
    "0": {
      "precision": 0.8819561551433389,
      "recall": 0.8210361067503925,
      "f1-score": 0.8504065040650407,
      "support": 637.0
    },
    "1": {
      "precision": 0.6061120543293718,
      "recall": 0.647912885662432,
      "f1-score": 0.6263157894736842,
      "support": 551.0
    },
    "2": {
      "precision": 0.5949612403100775,
      "recall": 0.5541516245487365,
      "f1-score": 0.5738317757009346,
      "support": 554.0
    },
    "3": {
      "precision": 0.753731343283582,
      "recall": 0.8067092651757188,
      "f1-score": 0.779320987654321,
      "support": 626.0
    },
    "accuracy": 0.714527027027027,
    "macro avg": {
      "precision": 0.7091901982665926,
      "recall": 0.7074524705343199,
      "f1-score": 0.7074687642234951,
      "support": 2368.0
    },
    "weighted avg": {
      "precision": 0.716730642225125,
      "recall": 0.714527027027027,
      "f1-score": 0.7147663366129027,
      "support": 2368.0
    }
  },
  "time_external_season_ge_2023": {
    "0": {
      "precision": 0.7994791666666666,
      "recall": 0.7805084745762711,
      "f1-score": 0.7898799313893653,
      "support": 1180.0
    },
    "1": {
      "precision": 0.4781609195402299,
      "recall": 0.5379310344827586,
      "f1-score": 0.506288032454361,
      "support": 1160.0
    },
    "2": {
      "precision": 0.4544468546637744,
      "recall": 0.3494578815679733,
      "f1-score": 0.3950966525223951,
      "support": 1199.0
    },
    "3": {
      "precision": 0.643824027072758,
      "recall": 0.7446183953033269,
      "f1-score": 0.690562613430127,
      "support": 1022.0
    },
    "accuracy": 0.5974566980925236,
    "macro avg": {
      "precision": 0.5939777419858572,
      "recall": 0.6031289464825825,
      "f1-score": 0.595456807449062,
      "support": 4561.0
    },
    "weighted avg": {
      "precision": 0.5921775965234723,
      "recall": 0.5974566980925236,
      "f1-score": 0.5917185516304432,
      "support": 4561.0
    }
  },
  "random_stratified_holdout": {
    "0": {
      "precision": 0.8694817658349329,
      "recall": 0.8046181172291297,
      "f1-score": 0.8357933579335793,
      "support": 563.0
    },
    "1": {
      "precision": 0.6055363321799307,
      "recall": 0.6216696269982238,
      "f1-score": 0.6134969325153374,
      "support": 563.0
    },
    "2": {
      "precision": 0.5717092337917485,
      "recall": 0.5159574468085106,
      "f1-score": 0.5424044734389561,
      "support": 564.0
    },
    "3": {
      "precision": 0.7074303405572755,
      "recall": 0.8102836879432624,
      "f1-score": 0.7553719008264462,
      "support": 564.0
    },
    "accuracy": 0.6881100266193434,
    "macro avg": {
      "precision": 0.6885394180909719,
      "recall": 0.6881322197447817,
      "f1-score": 0.6867666661785798,
      "support": 2254.0
    },
    "weighted avg": {
      "precision": 0.6884959667769379,
      "recall": 0.6881100266193434,
      "f1-score": 0.6867330561705534,
      "support": 2254.0
    }
  }
}