{
  "athlete_group_holdout": {
    "0": {
      "precision": 0.7985781990521327,
      "recall": 0.8938992042440318,
      "f1-score": 0.8435544430538173,
      "support": 377.0
    },
    "1": {
      "precision": 0.9152542372881356,
      "recall": 0.8355899419729207,
      "f1-score": 0.8736097067745198,
      "support": 517.0
    },
    "accuracy": 0.860178970917226,
    "macro avg": {
      "precision": 0.8569162181701342,
      "recall": 0.8647445731084762,
      "f1-score": 0.8585820749141686,
      "support": 894.0
    },
    "weighted avg": {
      "precision": 0.8660519258619912,
      "recall": 0.860178970917226,
      "f1-score": 0.860935395339727,
      "support": 894.0
    }
  },
  "time_external_season_ge_2023": {
    "0": {
      "precision": 0.8349705304518664,
      "recall": 0.8726899383983573,
      "f1-score": 0.8534136546184738,
      "support": 974.0
    },
    "1": {
      "precision": 0.87890625,
      "recall": 0.8426966292134831,
      "f1-score": 0.8604206500956023,
      "support": 1068.0
    },
    "accuracy": 0.8570029382957884,
    "macro avg": {
      "precision": 0.8569383902259332,
      "recall": 0.8576932838059201,
      "f1-score": 0.856917152357038,
      "support": 2042.0
    },
    "weighted avg": {
      "precision": 0.8579496433203319,
      "recall": 0.8570029382957884,
      "f1-score": 0.8570784299218888,
      "support": 2042.0
    }
  },
  "random_stratified_holdout": {
    "0": {
      "precision": 0.7995867768595041,
      "recall": 0.8696629213483146,
      "f1-score": 0.8331539289558665,
      "support": 445.0
    },
    "1": {
      "precision": 0.8816326530612245,
      "recall": 0.8166351606805293,
      "f1-score": 0.8478900883218842,
      "support": 529.0
    },
    "accuracy": 0.8408624229979466,
    "macro avg": {
      "precision": 0.8406097149603643,
      "recall": 0.843149041014422,
      "f1-score": 0.8405220086388754,
      "support": 974.0
    },
    "weighted avg": {
      "precision": 0.8441476274865164,
      "recall": 0.8408624229979466,
      "f1-score": 0.8411574487758083,
      "support": 974.0
    }
  }
}