{
  "athlete_group_holdout": {
    "0": {
      "precision": 0.9763779527559056,
      "recall": 0.992,
      "f1-score": 0.9841269841269841,
      "support": 125.0
    },
    "1": {
      "precision": 1.0,
      "recall": 1.0,
      "f1-score": 1.0,
      "support": 111.0
    },
    "2": {
      "precision": 1.0,
      "recall": 1.0,
      "f1-score": 1.0,
      "support": 140.0
    },
    "3": {
      "precision": 1.0,
      "recall": 0.9968553459119497,
      "f1-score": 0.9984251968503937,
      "support": 318.0
    },
    "4": {
      "precision": 0.993485342019544,
      "recall": 0.9902597402597403,
      "f1-score": 0.991869918699187,
      "support": 308.0
    },
    "accuracy": 0.9950099800399201,
    "macro avg": {
      "precision": 0.9939726589550899,
      "recall": 0.9958230172343381,
      "f1-score": 0.9948844199353131,
      "support": 1002.0
    },
    "weighted avg": {
      "precision": 0.9950506281801474,
      "recall": 0.9950099800399201,
      "f1-score": 0.9950209786164149,
      "support": 1002.0
    }
  },
  "time_external_season_ge_2023": {
    "0": {
      "precision": 0.9625,
      "recall": 0.9956896551724138,
      "f1-score": 0.9788135593220338,
      "support": 232.0
    },
    "1": {
      "precision": 1.0,
      "recall": 0.9556650246305419,
      "f1-score": 0.9773299748110831,
      "support": 203.0
    },
    "2": {
      "precision": 0.9844236760124611,
      "recall": 0.9723076923076923,
      "f1-score": 0.978328173374613,
      "support": 325.0
    },
    "3": {
      "precision": 1.0,
      "recall": 0.9987113402061856,
      "f1-score": 0.9993552546744036,
      "support": 776.0
    },
    "4": {
      "precision": 0.9806835066864784,
      "recall": 0.9895052473763118,
      "f1-score": 0.9850746268656716,
      "support": 667.0
    },
    "accuracy": 0.9877439854743532,
    "macro avg": {
      "precision": 0.985521436539788,
      "recall": 0.9823757919386292,
      "f1-score": 0.983780317809561,
      "support": 2203.0
    },
    "weighted avg": {
      "precision": 0.9879044909958833,
      "recall": 0.9877439854743532,
      "f1-score": 0.9877366503598961,
      "support": 2203.0
    }
  },
  "random_stratified_holdout": {
    "0": {
      "precision": 0.976,
      "recall": 1.0,
      "f1-score": 0.9878542510121457,
      "support": 122.0
    },
    "1": {
      "precision": 1.0,
      "recall": 0.979381443298969,
      "f1-score": 0.9895833333333334,
      "support": 97.0
    },
    "2": {
      "precision": 1.0,
      "recall": 0.9881656804733728,
      "f1-score": 0.9940476190476191,
      "support": 169.0
    },
    "3": {
      "precision": 1.0,
      "recall": 1.0,
      "f1-score": 1.0,
      "support": 358.0
    },
    "4": {
      "precision": 0.9939024390243902,
      "recall": 0.9969418960244648,
      "f1-score": 0.9954198473282443,
      "support": 327.0
    },
    "accuracy": 0.9953401677539608,
    "macro avg": {
      "precision": 0.9939804878048781,
      "recall": 0.9928978039593612,
      "f1-score": 0.9933810101442685,
      "support": 1073.0
    },
    "weighted avg": {
      "precision": 0.995412952060555,
      "recall": 0.9953401677539608,
      "f1-score": 0.9953440257709213,
      "support": 1073.0
    }
  }
}