{
  "athlete_group_holdout": {
    "1": {
      "precision": 0.946983546617916,
      "recall": 0.9384057971014492,
      "f1-score": 0.9426751592356688,
      "support": 552.0
    },
    "2": {
      "precision": 0.8596491228070176,
      "recall": 0.765625,
      "f1-score": 0.8099173553719008,
      "support": 64.0
    },
    "3": {
      "precision": 0.8117647058823529,
      "recall": 0.8214285714285714,
      "f1-score": 0.8165680473372781,
      "support": 84.0
    },
    "4": {
      "precision": 0.9381443298969072,
      "recall": 0.91,
      "f1-score": 0.9238578680203046,
      "support": 100.0
    },
    "5": {
      "precision": 0.8162393162393162,
      "recall": 0.8681818181818182,
      "f1-score": 0.8414096916299559,
      "support": 220.0
    },
    "accuracy": 0.9,
    "macro avg": {
      "precision": 0.874556204288702,
      "recall": 0.8607282373423677,
      "f1-score": 0.8668856243190216,
      "support": 1020.0
    },
    "weighted avg": {
      "precision": 0.9013017445580358,
      "recall": 0.9,
      "f1-score": 0.9002735623321989,
      "support": 1020.0
    }
  },
  "time_external_season_ge_2023": {
    "1": {
      "precision": 0.9463722397476341,
      "recall": 0.9118541033434651,
      "f1-score": 0.9287925696594427,
      "support": 987.0
    },
    "2": {
      "precision": 0.7877094972067039,
      "recall": 0.8867924528301887,
      "f1-score": 0.834319526627219,
      "support": 159.0
    },
    "3": {
      "precision": 0.8317307692307693,
      "recall": 0.7899543378995434,
      "f1-score": 0.810304449648712,
      "support": 219.0
    },
    "4": {
      "precision": 0.8288288288288288,
      "recall": 0.8288288288288288,
      "f1-score": 0.8288288288288288,
      "support": 222.0
    },
    "5": {
      "precision": 0.8775510204081632,
      "recall": 0.9197860962566845,
      "f1-score": 0.8981723237597912,
      "support": 561.0
    },
    "accuracy": 0.8910614525139665,
    "macro avg": {
      "precision": 0.8544384710844198,
      "recall": 0.867443163831742,
      "f1-score": 0.8600835397047988,
      "support": 2148.0
    },
    "weighted avg": {
      "precision": 0.8928167465536774,
      "recall": 0.8910614525139665,
      "f1-score": 0.8913903254608513,
      "support": 2148.0
    }
  },
  "random_stratified_holdout": {
    "1": {
      "precision": 0.9693251533742331,
      "recall": 0.9132947976878613,
      "f1-score": 0.9404761904761905,
      "support": 519.0
    },
    "2": {
      "precision": 0.8414634146341463,
      "recall": 0.8961038961038961,
      "f1-score": 0.8679245283018868,
      "support": 77.0
    },
    "3": {
      "precision": 0.8504672897196262,
      "recall": 0.8198198198198198,
      "f1-score": 0.8348623853211009,
      "support": 111.0
    },
    "4": {
      "precision": 0.8532110091743119,
      "recall": 0.9029126213592233,
      "f1-score": 0.8773584905660378,
      "support": 103.0
    },
    "5": {
      "precision": 0.8621908127208481,
      "recall": 0.9384615384615385,
      "f1-score": 0.8987108655616943,
      "support": 260.0
    },
    "accuracy": 0.9074766355140187,
    "macro avg": {
      "precision": 0.8753315359246331,
      "recall": 0.8941185346864678,
      "f1-score": 0.8838664920453821,
      "support": 1070.0
    },
    "weighted avg": {
      "precision": 0.9105837868591677,
      "recall": 0.9074766355140187,
      "f1-score": 0.9080745849358624,
      "support": 1070.0
    }
  }
}