{
  "athlete_group_holdout": {
    "1": {
      "precision": 0.16901408450704225,
      "recall": 0.16901408450704225,
      "f1-score": 0.16901408450704225,
      "support": 71.0
    },
    "2": {
      "precision": 0.23853211009174313,
      "recall": 0.3058823529411765,
      "f1-score": 0.26804123711340205,
      "support": 85.0
    },
    "3": {
      "precision": 0.13333333333333333,
      "recall": 0.03305785123966942,
      "f1-score": 0.052980132450331126,
      "support": 121.0
    },
    "5": {
      "precision": 0.4209445585215606,
      "recall": 0.3528399311531842,
      "f1-score": 0.3838951310861423,
      "support": 581.0
    },
    "7": {
      "precision": 0.34782608695652173,
      "recall": 0.42328042328042326,
      "f1-score": 0.3818615751789976,
      "support": 378.0
    },
    "8": {
      "precision": 0.03333333333333333,
      "recall": 0.02857142857142857,
      "f1-score": 0.03076923076923077,
      "support": 35.0
    },
    "9": {
      "precision": 0.5142231947483589,
      "recall": 0.6300268096514745,
      "f1-score": 0.5662650602409639,
      "support": 373.0
    },
    "accuracy": 0.3911192214111922,
    "macro avg": {
      "precision": 0.2653152430702705,
      "recall": 0.2775246973349141,
      "f1-score": 0.2646894930494442,
      "support": 1644.0
    },
    "weighted avg": {
      "precision": 0.37556419122234064,
      "recall": 0.3911192214111922,
      "f1-score": 0.3776609722059864,
      "support": 1644.0
    }
  },
  "time_external_season_ge_2023": {
    "1": {
      "precision": 0.08461538461538462,
      "recall": 0.32673267326732675,
      "f1-score": 0.13441955193482688,
      "support": 101.0
    },
    "2": {
      "precision": 0.3103448275862069,
      "recall": 0.029801324503311258,
      "f1-score": 0.054380664652567974,
      "support": 302.0
    },
    "3": {
      "precision": 0.07246376811594203,
      "recall": 0.027932960893854747,
      "f1-score": 0.04032258064516129,
      "support": 179.0
    },
    "5": {
      "precision": 0.461133069828722,
      "recall": 0.29914529914529914,
      "f1-score": 0.36288232244686364,
      "support": 1170.0
    },
    "7": {
      "precision": 0.32122905027932963,
      "recall": 0.33381712626995647,
      "f1-score": 0.3274021352313167,
      "support": 689.0
    },
    "8": {
      "precision": 0.0,
      "recall": 0.0,
      "f1-score": 0.0,
      "support": 0.0
    },
    "9": {
      "precision": 0.47346938775510206,
      "recall": 0.6946107784431138,
      "f1-score": 0.5631067961165048,
      "support": 668.0
    },
    "accuracy": 0.3509166934705693,
    "macro avg": {
      "precision": 0.24617935545438385,
      "recall": 0.24457716607469462,
      "f1-score": 0.2117877215753202,
      "support": 3109.0
    },
    "weighted avg": {
      "precision": 0.38352247173766907,
      "recall": 0.3509166934705693,
      "f1-score": 0.34207938425506906,
      "support": 3109.0
    }
  },
  "random_stratified_holdout": {
    "1": {
      "precision": 0.2727272727272727,
      "recall": 0.21686746987951808,
      "f1-score": 0.24161073825503357,
      "support": 83.0
    },
    "2": {
      "precision": 0.24489795918367346,
      "recall": 0.27586206896551724,
      "f1-score": 0.2594594594594595,
      "support": 87.0
    },
    "3": {
      "precision": 0.19444444444444445,
      "recall": 0.07777777777777778,
      "f1-score": 0.1111111111111111,
      "support": 90.0
    },
    "5": {
      "precision": 0.44124168514412415,
      "recall": 0.4094650205761317,
      "f1-score": 0.4247598719316969,
      "support": 486.0
    },
    "7": {
      "precision": 0.3647959183673469,
      "recall": 0.41812865497076024,
      "f1-score": 0.3896457765667575,
      "support": 342.0
    },
    "8": {
      "precision": 0.0,
      "recall": 0.0,
      "f1-score": 0.0,
      "support": 45.0
    },
    "9": {
      "precision": 0.5409429280397022,
      "recall": 0.6666666666666666,
      "f1-score": 0.5972602739726027,
      "support": 327.0
    },
    "accuracy": 0.41712328767123286,
    "macro avg": {
      "precision": 0.29415002970093773,
      "recall": 0.2949668084051959,
      "f1-score": 0.2891210330423802,
      "support": 1460.0
    },
    "weighted avg": {
      "precision": 0.3955715661753444,
      "recall": 0.41712328767123286,
      "f1-score": 0.4024814569738477,
      "support": 1460.0
    }
  }
}