{
  "athlete_group_holdout": {
    "1": {
      "precision": 0.0,
      "recall": 0.0,
      "f1-score": 0.0,
      "support": 6.0
    },
    "2": {
      "precision": 1.0,
      "recall": 0.05263157894736842,
      "f1-score": 0.1,
      "support": 19.0
    },
    "3": {
      "precision": 0.8,
      "recall": 0.044444444444444446,
      "f1-score": 0.08421052631578947,
      "support": 90.0
    },
    "5": {
      "precision": 0.6101364522417154,
      "recall": 0.7671568627450981,
      "f1-score": 0.6796959826275787,
      "support": 408.0
    },
    "7": {
      "precision": 0.4573643410852713,
      "recall": 0.4849315068493151,
      "f1-score": 0.47074468085106386,
      "support": 365.0
    },
    "8": {
      "precision": 0.2,
      "recall": 0.07142857142857142,
      "f1-score": 0.10526315789473684,
      "support": 14.0
    },
    "9": {
      "precision": 0.7130242825607064,
      "recall": 0.6991341991341992,
      "f1-score": 0.7060109289617487,
      "support": 462.0
    },
    "accuracy": 0.6004398826979472,
    "macro avg": {
      "precision": 0.5400750108410991,
      "recall": 0.30281816622128527,
      "f1-score": 0.30656075380727393,
      "support": 1364.0
    },
    "weighted avg": {
      "precision": 0.6151692636024856,
      "recall": 0.6004398826979472,
      "f1-score": 0.5764424121568663,
      "support": 1364.0
    }
  },
  "time_external_season_ge_2023": {
    "1": {
      "precision": 0.0,
      "recall": 0.0,
      "f1-score": 0.0,
      "support": 0.0
    },
    "2": {
      "precision": 0.0,
      "recall": 0.0,
      "f1-score": 0.0,
      "support": 0.0
    },
    "3": {
      "precision": 0.0486322188449848,
      "recall": 0.25396825396825395,
      "f1-score": 0.08163265306122448,
      "support": 63.0
    },
    "5": {
      "precision": 0.7852028639618138,
      "recall": 0.3023897058823529,
      "f1-score": 0.4366290643662906,
      "support": 1088.0
    },
    "7": {
      "precision": 0.4063876651982379,
      "recall": 0.43309859154929575,
      "f1-score": 0.4193181818181818,
      "support": 852.0
    },
    "8": {
      "precision": 0.0,
      "recall": 0.0,
      "f1-score": 0.0,
      "support": 0.0
    },
    "9": {
      "precision": 0.5426136363636364,
      "recall": 0.7529566360052562,
      "f1-score": 0.6307099614749587,
      "support": 761.0
    },
    "accuracy": 0.46562952243125905,
    "macro avg": {
      "precision": 0.2546909120526676,
      "recall": 0.24891616962930843,
      "f1-score": 0.22404140867437938,
      "support": 2764.0
    },
    "weighted avg": {
      "precision": 0.5848537676553232,
      "recall": 0.46562952243125905,
      "f1-score": 0.47663699376444135,
      "support": 2764.0
    }
  },
  "random_stratified_holdout": {
    "1": {
      "precision": 0.3333333333333333,
      "recall": 0.2,
      "f1-score": 0.25,
      "support": 5.0
    },
    "2": {
      "precision": 0.5,
      "recall": 0.06666666666666667,
      "f1-score": 0.11764705882352941,
      "support": 15.0
    },
    "3": {
      "precision": 0.5,
      "recall": 0.036585365853658534,
      "f1-score": 0.06818181818181818,
      "support": 82.0
    },
    "5": {
      "precision": 0.5538116591928252,
      "recall": 0.6823204419889503,
      "f1-score": 0.6113861386138614,
      "support": 362.0
    },
    "7": {
      "precision": 0.5,
      "recall": 0.526829268292683,
      "f1-score": 0.5130641330166271,
      "support": 410.0
    },
    "8": {
      "precision": 0.6,
      "recall": 0.07894736842105263,
      "f1-score": 0.13953488372093023,
      "support": 38.0
    },
    "9": {
      "precision": 0.6755447941888619,
      "recall": 0.7063291139240506,
      "f1-score": 0.6905940594059405,
      "support": 395.0
    },
    "accuracy": 0.5738332058148432,
    "macro avg": {
      "precision": 0.5232413981021458,
      "recall": 0.3282397464495802,
      "f1-score": 0.34148687025181523,
      "support": 1307.0
    },
    "weighted avg": {
      "precision": 0.5702269938784008,
      "recall": 0.5738332058148432,
      "f1-score": 0.5496332599349953,
      "support": 1307.0
    }
  }
}