{
  "athlete_group_holdout": {
    "0": {
      "precision": 0.8121645796064401,
      "recall": 0.875602700096432,
      "f1-score": 0.8426914153132251,
      "support": 1037.0
    },
    "1": {
      "precision": 0.8670103092783505,
      "recall": 0.8001902949571836,
      "f1-score": 0.8322612568035626,
      "support": 1051.0
    },
    "accuracy": 0.8376436781609196,
    "macro avg": {
      "precision": 0.8395874444423953,
      "recall": 0.8378964975268078,
      "f1-score": 0.8374763360583939,
      "support": 2088.0
    },
    "weighted avg": {
      "precision": 0.8397713142257781,
      "recall": 0.8376436781609196,
      "f1-score": 0.8374413690518959,
      "support": 2088.0
    }
  },
  "time_external_season_ge_2023": {
    "0": {
      "precision": 0.846947194719472,
      "recall": 0.8166268894192522,
      "f1-score": 0.83151073309032,
      "support": 2514.0
    },
    "1": {
      "precision": 0.8174980205859066,
      "recall": 0.8477011494252874,
      "f1-score": 0.8323256751309955,
      "support": 2436.0
    },
    "accuracy": 0.831919191919192,
    "macro avg": {
      "precision": 0.8322226076526893,
      "recall": 0.8321640194222698,
      "f1-score": 0.8319182041106578,
      "support": 4950.0
    },
    "weighted avg": {
      "precision": 0.8324546314488931,
      "recall": 0.831919191919192,
      "f1-score": 0.8319117833551858,
      "support": 4950.0
    }
  },
  "random_stratified_holdout": {
    "0": {
      "precision": 0.8267241379310345,
      "recall": 0.8647430117222723,
      "f1-score": 0.8453063023358308,
      "support": 1109.0
    },
    "1": {
      "precision": 0.8727735368956743,
      "recall": 0.8365853658536585,
      "f1-score": 0.8542963885429639,
      "support": 1230.0
    },
    "accuracy": 0.8499358700299273,
    "macro avg": {
      "precision": 0.8497488374133544,
      "recall": 0.8506641887879653,
      "f1-score": 0.8498013454393973,
      "support": 2339.0
    },
    "weighted avg": {
      "precision": 0.8509399398662661,
      "recall": 0.8499358700299273,
      "f1-score": 0.8500338808030278,
      "support": 2339.0
    }
  }
}