{
  "athlete_group_holdout": {
    "0": {
      "precision": 0.8507340946166395,
      "recall": 0.8438511326860841,
      "f1-score": 0.8472786352558895,
      "support": 1236.0
    },
    "1": {
      "precision": 0.5382775119617225,
      "recall": 0.5514705882352942,
      "f1-score": 0.5447941888619855,
      "support": 408.0
    },
    "accuracy": 0.7712895377128953,
    "macro avg": {
      "precision": 0.694505803289181,
      "recall": 0.6976608604606891,
      "f1-score": 0.6960364120589375,
      "support": 1644.0
    },
    "weighted avg": {
      "precision": 0.773190125198631,
      "recall": 0.7712895377128953,
      "f1-score": 0.7722095025741907,
      "support": 1644.0
    }
  },
  "time_external_season_ge_2023": {
    "0": {
      "precision": 0.8934056007226739,
      "recall": 0.8103236378533388,
      "f1-score": 0.8498388829215897,
      "support": 2441.0
    },
    "1": {
      "precision": 0.48268156424581005,
      "recall": 0.6467065868263473,
      "f1-score": 0.5527831094049904,
      "support": 668.0
    },
    "accuracy": 0.7751688645866838,
    "macro avg": {
      "precision": 0.688043582484242,
      "recall": 0.728515112339843,
      "f1-score": 0.7013109961632901,
      "support": 3109.0
    },
    "weighted avg": {
      "precision": 0.8051573998971527,
      "recall": 0.7751688645866838,
      "f1-score": 0.7860134545815806,
      "support": 3109.0
    }
  },
  "random_stratified_holdout": {
    "0": {
      "precision": 0.8481481481481481,
      "recall": 0.8419117647058824,
      "f1-score": 0.8450184501845018,
      "support": 1088.0
    },
    "1": {
      "precision": 0.5473684210526316,
      "recall": 0.5591397849462365,
      "f1-score": 0.5531914893617021,
      "support": 372.0
    },
    "accuracy": 0.7698630136986301,
    "macro avg": {
      "precision": 0.6977582846003898,
      "recall": 0.7005257748260594,
      "f1-score": 0.699104969773102,
      "support": 1460.0
    },
    "weighted avg": {
      "precision": 0.7715111217923042,
      "recall": 0.7698630136986301,
      "f1-score": 0.7706625396186926,
      "support": 1460.0
    }
  }
}