{
  "athlete_group_holdout": {
    "0": {
      "precision": 0.8457446808510638,
      "recall": 0.8808864265927978,
      "f1-score": 0.8629579375848032,
      "support": 722.0
    },
    "1": {
      "precision": 0.8803894297635605,
      "recall": 0.8451268357810414,
      "f1-score": 0.8623978201634878,
      "support": 749.0
    },
    "accuracy": 0.8626784500339905,
    "macro avg": {
      "precision": 0.8630670553073121,
      "recall": 0.8630066311869196,
      "f1-score": 0.8626778788741455,
      "support": 1471.0
    },
    "weighted avg": {
      "precision": 0.8633850050763935,
      "recall": 0.8626784500339905,
      "f1-score": 0.8626727384355405,
      "support": 1471.0
    }
  },
  "time_external_season_ge_2023": {
    "0": {
      "precision": 0.8741633199464525,
      "recall": 0.829733163913596,
      "f1-score": 0.8513689700130378,
      "support": 1574.0
    },
    "1": {
      "precision": 0.8171896316507503,
      "recall": 0.8643578643578643,
      "f1-score": 0.8401122019635343,
      "support": 1386.0
    },
    "accuracy": 0.845945945945946,
    "macro avg": {
      "precision": 0.8456764757986014,
      "recall": 0.8470455141357301,
      "f1-score": 0.845740585988286,
      "support": 2960.0
    },
    "weighted avg": {
      "precision": 0.8474857753593433,
      "recall": 0.845945945945946,
      "f1-score": 0.8460980644331013,
      "support": 2960.0
    }
  },
  "random_stratified_holdout": {
    "0": {
      "precision": 0.8573466476462197,
      "recall": 0.8930163447251115,
      "f1-score": 0.8748180494905385,
      "support": 673.0
    },
    "1": {
      "precision": 0.891566265060241,
      "recall": 0.8554913294797688,
      "f1-score": 0.8731563421828908,
      "support": 692.0
    },
    "accuracy": 0.873992673992674,
    "macro avg": {
      "precision": 0.8744564563532303,
      "recall": 0.8742538371024402,
      "f1-score": 0.8739871958367147,
      "support": 1365.0
    },
    "weighted avg": {
      "precision": 0.8746946148627053,
      "recall": 0.873992673992674,
      "f1-score": 0.8739756308408008,
      "support": 1365.0
    }
  }
}