{
  "athlete_group_holdout": {
    "1": {
      "precision": 0.68,
      "recall": 0.8406593406593407,
      "f1-score": 0.7518427518427518,
      "support": 182.0
    },
    "2": {
      "precision": 0.6299694189602446,
      "recall": 0.6094674556213018,
      "f1-score": 0.6195488721804512,
      "support": 338.0
    },
    "3": {
      "precision": 0.6508620689655172,
      "recall": 0.604,
      "f1-score": 0.6265560165975104,
      "support": 250.0
    },
    "4": {
      "precision": 0.6460905349794238,
      "recall": 0.6305220883534136,
      "f1-score": 0.6382113821138211,
      "support": 249.0
    },
    "5": {
      "precision": 0.6655844155844156,
      "recall": 0.6655844155844156,
      "f1-score": 0.6655844155844156,
      "support": 308.0
    },
    "6": {
      "precision": 0.7396694214876033,
      "recall": 0.6047297297297297,
      "f1-score": 0.6654275092936803,
      "support": 296.0
    },
    "7": {
      "precision": 0.6182795698924731,
      "recall": 0.575,
      "f1-score": 0.5958549222797928,
      "support": 200.0
    },
    "8": {
      "precision": 0.6776859504132231,
      "recall": 0.6212121212121212,
      "f1-score": 0.6482213438735178,
      "support": 132.0
    },
    "9": {
      "precision": 0.5694444444444444,
      "recall": 0.7884615384615384,
      "f1-score": 0.6612903225806451,
      "support": 52.0
    },
    "10": {
      "precision": 0.6865671641791045,
      "recall": 0.7931034482758621,
      "f1-score": 0.736,
      "support": 58.0
    },
    "11": {
      "precision": 0.746268656716418,
      "recall": 0.7936507936507936,
      "f1-score": 0.7692307692307693,
      "support": 63.0
    },
    "12": {
      "precision": 0.6470588235294118,
      "recall": 0.7333333333333333,
      "f1-score": 0.6875,
      "support": 60.0
    },
    "13": {
      "precision": 0.5483870967741935,
      "recall": 0.6666666666666666,
      "f1-score": 0.6017699115044248,
      "support": 51.0
    },
    "14": {
      "precision": 0.6283783783783784,
      "recall": 0.7209302325581395,
      "f1-score": 0.6714801444043321,
      "support": 129.0
    },
    "accuracy": 0.6570945945945946,
    "macro avg": {
      "precision": 0.6524461388789181,
      "recall": 0.689094368864761,
      "f1-score": 0.6670370258204367,
      "support": 2368.0
    },
    "weighted avg": {
      "precision": 0.6594735415616055,
      "recall": 0.6570945945945946,
      "f1-score": 0.6556575683601781,
      "support": 2368.0
    }
  },
  "time_external_season_ge_2023": {
    "1": {
      "precision": 0.6194225721784777,
      "recall": 0.8109965635738832,
      "f1-score": 0.7023809523809523,
      "support": 291.0
    },
    "2": {
      "precision": 0.6220735785953178,
      "recall": 0.5758513931888545,
      "f1-score": 0.5980707395498392,
      "support": 646.0
    },
    "3": {
      "precision": 0.6034858387799564,
      "recall": 0.5368217054263565,
      "f1-score": 0.5682051282051283,
      "support": 516.0
    },
    "4": {
      "precision": 0.6233480176211453,
      "recall": 0.621978021978022,
      "f1-score": 0.6226622662266227,
      "support": 455.0
    },
    "5": {
      "precision": 0.6477064220183486,
      "recall": 0.5739837398373984,
      "f1-score": 0.6086206896551725,
      "support": 615.0
    },
    "6": {
      "precision": 0.5942249240121581,
      "recall": 0.6764705882352942,
      "f1-score": 0.6326860841423948,
      "support": 578.0
    },
    "7": {
      "precision": 0.6441717791411042,
      "recall": 0.5630026809651475,
      "f1-score": 0.6008583690987125,
      "support": 373.0
    },
    "8": {
      "precision": 0.6778846153846154,
      "recall": 0.5280898876404494,
      "f1-score": 0.5936842105263158,
      "support": 267.0
    },
    "9": {
      "precision": 0.59375,
      "recall": 0.6495726495726496,
      "f1-score": 0.6204081632653061,
      "support": 117.0
    },
    "10": {
      "precision": 0.5419354838709678,
      "recall": 0.7058823529411765,
      "f1-score": 0.6131386861313869,
      "support": 119.0
    },
    "11": {
      "precision": 0.7424242424242424,
      "recall": 0.7313432835820896,
      "f1-score": 0.7368421052631579,
      "support": 134.0
    },
    "12": {
      "precision": 0.6097560975609756,
      "recall": 0.7009345794392523,
      "f1-score": 0.6521739130434783,
      "support": 107.0
    },
    "13": {
      "precision": 0.5634920634920635,
      "recall": 0.7802197802197802,
      "f1-score": 0.6543778801843319,
      "support": 91.0
    },
    "14": {
      "precision": 0.6492537313432836,
      "recall": 0.6904761904761905,
      "f1-score": 0.6692307692307692,
      "support": 252.0
    },
    "accuracy": 0.6228897171672879,
    "macro avg": {
      "precision": 0.6237806690301897,
      "recall": 0.6532588155054675,
      "f1-score": 0.6338099969216834,
      "support": 4561.0
    },
    "weighted avg": {
      "precision": 0.625692568347518,
      "recall": 0.6228897171672879,
      "f1-score": 0.620948283124559,
      "support": 4561.0
    }
  },
  "random_stratified_holdout": {
    "1": {
      "precision": 0.6914893617021277,
      "recall": 0.8333333333333334,
      "f1-score": 0.7558139534883721,
      "support": 156.0
    },
    "2": {
      "precision": 0.717391304347826,
      "recall": 0.6246056782334385,
      "f1-score": 0.6677908937605397,
      "support": 317.0
    },
    "3": {
      "precision": 0.7442922374429224,
      "recall": 0.6342412451361867,
      "f1-score": 0.6848739495798319,
      "support": 257.0
    },
    "4": {
      "precision": 0.7432432432432432,
      "recall": 0.6991525423728814,
      "f1-score": 0.7205240174672489,
      "support": 236.0
    },
    "5": {
      "precision": 0.7394366197183099,
      "recall": 0.7291666666666666,
      "f1-score": 0.7342657342657343,
      "support": 288.0
    },
    "6": {
      "precision": 0.7635658914728682,
      "recall": 0.7086330935251799,
      "f1-score": 0.7350746268656716,
      "support": 278.0
    },
    "7": {
      "precision": 0.657608695652174,
      "recall": 0.6302083333333334,
      "f1-score": 0.6436170212765957,
      "support": 192.0
    },
    "8": {
      "precision": 0.689922480620155,
      "recall": 0.689922480620155,
      "f1-score": 0.689922480620155,
      "support": 129.0
    },
    "9": {
      "precision": 0.5277777777777778,
      "recall": 0.6129032258064516,
      "f1-score": 0.5671641791044776,
      "support": 62.0
    },
    "10": {
      "precision": 0.5256410256410257,
      "recall": 0.6949152542372882,
      "f1-score": 0.5985401459854015,
      "support": 59.0
    },
    "11": {
      "precision": 0.5733333333333334,
      "recall": 0.7543859649122807,
      "f1-score": 0.6515151515151515,
      "support": 57.0
    },
    "12": {
      "precision": 0.5714285714285714,
      "recall": 0.7272727272727273,
      "f1-score": 0.64,
      "support": 55.0
    },
    "13": {
      "precision": 0.559322033898305,
      "recall": 0.8048780487804879,
      "f1-score": 0.66,
      "support": 41.0
    },
    "14": {
      "precision": 0.6785714285714286,
      "recall": 0.7480314960629921,
      "f1-score": 0.7116104868913857,
      "support": 127.0
    },
    "accuracy": 0.6934338952972493,
    "macro avg": {
      "precision": 0.6559302860607191,
      "recall": 0.7065464350209574,
      "f1-score": 0.6757651886300405,
      "support": 2254.0
    },
    "weighted avg": {
      "precision": 0.7007179313165897,
      "recall": 0.6934338952972493,
      "f1-score": 0.6940087188296563,
      "support": 2254.0
    }
  }
}