{
  "athlete_group_holdout": {
    "1": {
      "precision": 0.6585365853658537,
      "recall": 0.8526315789473684,
      "f1-score": 0.7431192660550459,
      "support": 95.0
    },
    "2": {
      "precision": 0.6594594594594595,
      "recall": 0.6354166666666666,
      "f1-score": 0.6472148541114059,
      "support": 192.0
    },
    "3": {
      "precision": 0.5594405594405595,
      "recall": 0.5128205128205128,
      "f1-score": 0.5351170568561873,
      "support": 156.0
    },
    "4": {
      "precision": 0.8252427184466019,
      "recall": 0.6589147286821705,
      "f1-score": 0.7327586206896551,
      "support": 129.0
    },
    "5": {
      "precision": 0.7254901960784313,
      "recall": 0.6218487394957983,
      "f1-score": 0.669683257918552,
      "support": 238.0
    },
    "6": {
      "precision": 0.6204819277108434,
      "recall": 0.64375,
      "f1-score": 0.6319018404907976,
      "support": 160.0
    },
    "7": {
      "precision": 0.5555555555555556,
      "recall": 0.5612244897959183,
      "f1-score": 0.5583756345177665,
      "support": 98.0
    },
    "8": {
      "precision": 0.5909090909090909,
      "recall": 0.6724137931034483,
      "f1-score": 0.6290322580645161,
      "support": 58.0
    },
    "9": {
      "precision": 0.4883720930232558,
      "recall": 0.525,
      "f1-score": 0.5060240963855421,
      "support": 40.0
    },
    "10": {
      "precision": 0.6,
      "recall": 0.6521739130434783,
      "f1-score": 0.625,
      "support": 23.0
    },
    "11": {
      "precision": 0.6458333333333334,
      "recall": 0.7560975609756098,
      "f1-score": 0.6966292134831461,
      "support": 41.0
    },
    "12": {
      "precision": 0.6111111111111112,
      "recall": 0.8148148148148148,
      "f1-score": 0.6984126984126984,
      "support": 27.0
    },
    "13": {
      "precision": 0.5476190476190477,
      "recall": 0.696969696969697,
      "f1-score": 0.6133333333333333,
      "support": 33.0
    },
    "14": {
      "precision": 0.6049382716049383,
      "recall": 0.6621621621621622,
      "f1-score": 0.632258064516129,
      "support": 74.0
    },
    "accuracy": 0.6407624633431085,
    "macro avg": {
      "precision": 0.6209278535470057,
      "recall": 0.6618741898198318,
      "f1-score": 0.6370614424881983,
      "support": 1364.0
    },
    "weighted avg": {
      "precision": 0.647154023206507,
      "recall": 0.6407624633431085,
      "f1-score": 0.6404848236483455,
      "support": 1364.0
    }
  },
  "time_external_season_ge_2023": {
    "1": {
      "precision": 0.6346153846153846,
      "recall": 0.8,
      "f1-score": 0.707774798927614,
      "support": 165.0
    },
    "2": {
      "precision": 0.6129032258064516,
      "recall": 0.5264483627204031,
      "f1-score": 0.5663956639566395,
      "support": 397.0
    },
    "3": {
      "precision": 0.5530546623794212,
      "recall": 0.5276073619631901,
      "f1-score": 0.5400313971742543,
      "support": 326.0
    },
    "4": {
      "precision": 0.6217391304347826,
      "recall": 0.5416666666666666,
      "f1-score": 0.5789473684210527,
      "support": 264.0
    },
    "5": {
      "precision": 0.5773195876288659,
      "recall": 0.623608017817372,
      "f1-score": 0.5995717344753747,
      "support": 449.0
    },
    "6": {
      "precision": 0.5764705882352941,
      "recall": 0.5616045845272206,
      "f1-score": 0.5689404934687954,
      "support": 349.0
    },
    "7": {
      "precision": 0.5789473684210527,
      "recall": 0.47368421052631576,
      "f1-score": 0.5210526315789473,
      "support": 209.0
    },
    "8": {
      "precision": 0.6344086021505376,
      "recall": 0.48760330578512395,
      "f1-score": 0.5514018691588785,
      "support": 121.0
    },
    "9": {
      "precision": 0.5068493150684932,
      "recall": 0.5211267605633803,
      "f1-score": 0.5138888888888888,
      "support": 71.0
    },
    "10": {
      "precision": 0.5142857142857142,
      "recall": 0.6792452830188679,
      "f1-score": 0.5853658536585366,
      "support": 53.0
    },
    "11": {
      "precision": 0.5576923076923077,
      "recall": 0.7631578947368421,
      "f1-score": 0.6444444444444445,
      "support": 76.0
    },
    "12": {
      "precision": 0.6119402985074627,
      "recall": 0.6612903225806451,
      "f1-score": 0.6356589147286822,
      "support": 62.0
    },
    "13": {
      "precision": 0.5079365079365079,
      "recall": 0.5614035087719298,
      "f1-score": 0.5333333333333333,
      "support": 57.0
    },
    "14": {
      "precision": 0.5576923076923077,
      "recall": 0.703030303030303,
      "f1-score": 0.6219839142091153,
      "support": 165.0
    },
    "accuracy": 0.5824891461649783,
    "macro avg": {
      "precision": 0.5747039286324702,
      "recall": 0.6022483273363043,
      "f1-score": 0.5834850933160398,
      "support": 2764.0
    },
    "weighted avg": {
      "precision": 0.5843622323869619,
      "recall": 0.5824891461649783,
      "f1-score": 0.5799017026101873,
      "support": 2764.0
    }
  },
  "random_stratified_holdout": {
    "1": {
      "precision": 0.7142857142857143,
      "recall": 0.851063829787234,
      "f1-score": 0.7766990291262136,
      "support": 94.0
    },
    "2": {
      "precision": 0.6983240223463687,
      "recall": 0.6476683937823834,
      "f1-score": 0.6720430107526881,
      "support": 193.0
    },
    "3": {
      "precision": 0.6583333333333333,
      "recall": 0.512987012987013,
      "f1-score": 0.5766423357664233,
      "support": 154.0
    },
    "4": {
      "precision": 0.6666666666666666,
      "recall": 0.5853658536585366,
      "f1-score": 0.6233766233766234,
      "support": 123.0
    },
    "5": {
      "precision": 0.680952380952381,
      "recall": 0.6908212560386473,
      "f1-score": 0.6858513189448441,
      "support": 207.0
    },
    "6": {
      "precision": 0.6533333333333333,
      "recall": 0.6086956521739131,
      "f1-score": 0.6302250803858521,
      "support": 161.0
    },
    "7": {
      "precision": 0.6153846153846154,
      "recall": 0.6736842105263158,
      "f1-score": 0.6432160804020101,
      "support": 95.0
    },
    "8": {
      "precision": 0.6428571428571429,
      "recall": 0.6545454545454545,
      "f1-score": 0.6486486486486487,
      "support": 55.0
    },
    "9": {
      "precision": 0.6333333333333333,
      "recall": 0.6129032258064516,
      "f1-score": 0.6229508196721312,
      "support": 31.0
    },
    "10": {
      "precision": 0.6756756756756757,
      "recall": 0.8928571428571429,
      "f1-score": 0.7692307692307693,
      "support": 28.0
    },
    "11": {
      "precision": 0.7297297297297297,
      "recall": 0.7941176470588235,
      "f1-score": 0.7605633802816901,
      "support": 34.0
    },
    "12": {
      "precision": 0.6097560975609756,
      "recall": 0.8620689655172413,
      "f1-score": 0.7142857142857143,
      "support": 29.0
    },
    "13": {
      "precision": 0.358974358974359,
      "recall": 0.6086956521739131,
      "f1-score": 0.45161290322580644,
      "support": 23.0
    },
    "14": {
      "precision": 0.5595238095238095,
      "recall": 0.5875,
      "f1-score": 0.573170731707317,
      "support": 80.0
    },
    "accuracy": 0.6534047436878347,
    "macro avg": {
      "precision": 0.6355093009969599,
      "recall": 0.6844981640652193,
      "f1-score": 0.6534654604147665,
      "support": 1307.0
    },
    "weighted avg": {
      "precision": 0.6574824196956212,
      "recall": 0.6534047436878347,
      "f1-score": 0.6519319444353465,
      "support": 1307.0
    }
  }
}