{
  "athlete_group_holdout": {
    "2": {
      "precision": 0.0,
      "recall": 0.0,
      "f1-score": 0.0,
      "support": 7.0
    },
    "3": {
      "precision": 0.5384615384615384,
      "recall": 0.14285714285714285,
      "f1-score": 0.22580645161290322,
      "support": 49.0
    },
    "5": {
      "precision": 0.5612244897959183,
      "recall": 0.5789473684210527,
      "f1-score": 0.5699481865284974,
      "support": 190.0
    },
    "7": {
      "precision": 0.5270588235294118,
      "recall": 0.5803108808290155,
      "f1-score": 0.5524044389642416,
      "support": 386.0
    },
    "8": {
      "precision": 0.5,
      "recall": 0.13636363636363635,
      "f1-score": 0.21428571428571427,
      "support": 44.0
    },
    "9": {
      "precision": 0.6727272727272727,
      "recall": 0.7275280898876404,
      "f1-score": 0.699055330634278,
      "support": 356.0
    },
    "accuracy": 0.5872093023255814,
    "macro avg": {
      "precision": 0.4665786874190236,
      "recall": 0.36100118639308126,
      "f1-score": 0.3769166870042724,
      "support": 1032.0
    },
    "weighted avg": {
      "precision": 0.5794117087394398,
      "recall": 0.5872093023255814,
      "f1-score": 0.5725533470387776,
      "support": 1032.0
    }
  },
  "time_external_season_ge_2023": {
    "2": {
      "precision": 0.0,
      "recall": 0.0,
      "f1-score": 0.0,
      "support": 0.0
    },
    "3": {
      "precision": 0.0,
      "recall": 0.0,
      "f1-score": 0.0,
      "support": 0.0
    },
    "5": {
      "precision": 0.7006369426751592,
      "recall": 0.275,
      "f1-score": 0.39497307001795334,
      "support": 400.0
    },
    "7": {
      "precision": 0.5361552028218695,
      "recall": 0.47131782945736433,
      "f1-score": 0.5016501650165016,
      "support": 645.0
    },
    "8": {
      "precision": 0.0,
      "recall": 0.0,
      "f1-score": 0.0,
      "support": 0.0
    },
    "9": {
      "precision": 0.695303550973654,
      "recall": 0.8071808510638298,
      "f1-score": 0.7470769230769231,
      "support": 752.0
    },
    "accuracy": 0.5681691708402894,
    "macro avg": {
      "precision": 0.3220159494117804,
      "recall": 0.25891644675353237,
      "f1-score": 0.27395002635189636,
      "support": 1797.0
    },
    "weighted avg": {
      "precision": 0.6393673640636379,
      "recall": 0.5681691708402894,
      "f1-score": 0.5806095885345972,
      "support": 1797.0
    }
  },
  "random_stratified_holdout": {
    "2": {
      "precision": 0.0,
      "recall": 0.0,
      "f1-score": 0.0,
      "support": 8.0
    },
    "3": {
      "precision": 0.5555555555555556,
      "recall": 0.13513513513513514,
      "f1-score": 0.21739130434782608,
      "support": 37.0
    },
    "5": {
      "precision": 0.5314285714285715,
      "recall": 0.5961538461538461,
      "f1-score": 0.5619335347432024,
      "support": 156.0
    },
    "7": {
      "precision": 0.532394366197183,
      "recall": 0.5851393188854489,
      "f1-score": 0.5575221238938053,
      "support": 323.0
    },
    "8": {
      "precision": 0.6428571428571429,
      "recall": 0.225,
      "f1-score": 0.3333333333333333,
      "support": 40.0
    },
    "9": {
      "precision": 0.733502538071066,
      "recall": 0.7545691906005222,
      "f1-score": 0.7438867438867439,
      "support": 383.0
    },
    "accuracy": 0.617740232312566,
    "macro avg": {
      "precision": 0.4992896956849198,
      "recall": 0.3826662484624921,
      "f1-score": 0.40234450670081845,
      "support": 947.0
    },
    "weighted avg": {
      "precision": 0.6146436650217602,
      "recall": 0.617740232312566,
      "f1-score": 0.606152810919181,
      "support": 947.0
    }
  }
}