{
  "athlete_group_holdout": {
    "1": {
      "precision": 0.22580645161290322,
      "recall": 0.17073170731707318,
      "f1-score": 0.19444444444444445,
      "support": 41.0
    },
    "2": {
      "precision": 0.4,
      "recall": 0.36363636363636365,
      "f1-score": 0.38095238095238093,
      "support": 11.0
    },
    "3": {
      "precision": 0.2857142857142857,
      "recall": 0.047619047619047616,
      "f1-score": 0.08163265306122448,
      "support": 42.0
    },
    "5": {
      "precision": 0.4349112426035503,
      "recall": 0.45794392523364486,
      "f1-score": 0.44613050075872535,
      "support": 321.0
    },
    "7": {
      "precision": 0.3252032520325203,
      "recall": 0.3791469194312796,
      "f1-score": 0.350109409190372,
      "support": 211.0
    },
    "8": {
      "precision": 0.0,
      "recall": 0.0,
      "f1-score": 0.0,
      "support": 46.0
    },
    "9": {
      "precision": 0.6850393700787402,
      "recall": 0.75,
      "f1-score": 0.7160493827160493,
      "support": 348.0
    },
    "accuracy": 0.49117647058823527,
    "macro avg": {
      "precision": 0.3366678002917142,
      "recall": 0.30986828046248693,
      "f1-score": 0.30990268158902806,
      "support": 1020.0
    },
    "weighted avg": {
      "precision": 0.4630158434883648,
      "recall": 0.49117647058823527,
      "f1-score": 0.47240924618546504,
      "support": 1020.0
    }
  },
  "time_external_season_ge_2023": {
    "1": {
      "precision": 0.00966183574879227,
      "recall": 0.18181818181818182,
      "f1-score": 0.01834862385321101,
      "support": 11.0
    },
    "2": {
      "precision": 0.0,
      "recall": 0.0,
      "f1-score": 0.0,
      "support": 0.0
    },
    "3": {
      "precision": 0.0,
      "recall": 0.0,
      "f1-score": 0.0,
      "support": 55.0
    },
    "5": {
      "precision": 0.4900662251655629,
      "recall": 0.25995316159250587,
      "f1-score": 0.33970925784238715,
      "support": 854.0
    },
    "7": {
      "precision": 0.4144329896907217,
      "recall": 0.337248322147651,
      "f1-score": 0.37187789084181316,
      "support": 596.0
    },
    "8": {
      "precision": 0.0,
      "recall": 0.0,
      "f1-score": 0.0,
      "support": 0.0
    },
    "9": {
      "precision": 0.6062111801242236,
      "recall": 0.7721518987341772,
      "f1-score": 0.6791927627000696,
      "support": 632.0
    },
    "accuracy": 0.4250465549348231,
    "macro avg": {
      "precision": 0.21719603296132864,
      "recall": 0.2215959377560737,
      "f1-score": 0.2013040764624973,
      "support": 2148.0
    },
    "weighted avg": {
      "precision": 0.48824504850037564,
      "recall": 0.4250465549348231,
      "f1-score": 0.4381762523407582,
      "support": 2148.0
    }
  },
  "random_stratified_holdout": {
    "1": {
      "precision": 0.2702702702702703,
      "recall": 0.2631578947368421,
      "f1-score": 0.26666666666666666,
      "support": 38.0
    },
    "2": {
      "precision": 0.14285714285714285,
      "recall": 0.1,
      "f1-score": 0.11764705882352941,
      "support": 10.0
    },
    "3": {
      "precision": 0.14285714285714285,
      "recall": 0.022222222222222223,
      "f1-score": 0.038461538461538464,
      "support": 45.0
    },
    "5": {
      "precision": 0.505524861878453,
      "recall": 0.5228571428571429,
      "f1-score": 0.5140449438202247,
      "support": 350.0
    },
    "7": {
      "precision": 0.3881578947368421,
      "recall": 0.41843971631205673,
      "f1-score": 0.40273037542662116,
      "support": 282.0
    },
    "8": {
      "precision": 0.0,
      "recall": 0.0,
      "f1-score": 0.0,
      "support": 36.0
    },
    "9": {
      "precision": 0.6267806267806267,
      "recall": 0.7119741100323624,
      "f1-score": 0.6666666666666666,
      "support": 309.0
    },
    "accuracy": 0.4981308411214953,
    "macro avg": {
      "precision": 0.29663541991149683,
      "recall": 0.2912358694515181,
      "f1-score": 0.28660246426646385,
      "support": 1070.0
    },
    "weighted avg": {
      "precision": 0.4656045371737148,
      "recall": 0.4981308411214953,
      "f1-score": 0.4789965134203026,
      "support": 1070.0
    }
  }
}