{
  "athlete_group_holdout": {
    "1": {
      "precision": 0.6621621621621622,
      "recall": 0.6712328767123288,
      "f1-score": 0.6666666666666666,
      "support": 73.0
    },
    "2": {
      "precision": 0.6474820143884892,
      "recall": 0.6040268456375839,
      "f1-score": 0.625,
      "support": 149.0
    },
    "3": {
      "precision": 0.6385542168674698,
      "recall": 0.5145631067961165,
      "f1-score": 0.5698924731182796,
      "support": 103.0
    },
    "4": {
      "precision": 0.6814159292035398,
      "recall": 0.6695652173913044,
      "f1-score": 0.6754385964912281,
      "support": 115.0
    },
    "5": {
      "precision": 0.660377358490566,
      "recall": 0.6422018348623854,
      "f1-score": 0.6511627906976745,
      "support": 109.0
    },
    "6": {
      "precision": 0.689922480620155,
      "recall": 0.644927536231884,
      "f1-score": 0.6666666666666666,
      "support": 138.0
    },
    "7": {
      "precision": 0.6666666666666666,
      "recall": 0.6530612244897959,
      "f1-score": 0.6597938144329897,
      "support": 98.0
    },
    "8": {
      "precision": 0.75,
      "recall": 0.675,
      "f1-score": 0.7105263157894737,
      "support": 80.0
    },
    "9": {
      "precision": 0.6153846153846154,
      "recall": 0.6153846153846154,
      "f1-score": 0.6153846153846154,
      "support": 26.0
    },
    "10": {
      "precision": 0.5384615384615384,
      "recall": 0.875,
      "f1-score": 0.6666666666666666,
      "support": 24.0
    },
    "11": {
      "precision": 0.6071428571428571,
      "recall": 0.6538461538461539,
      "f1-score": 0.6296296296296297,
      "support": 26.0
    },
    "12": {
      "precision": 0.5217391304347826,
      "recall": 0.5,
      "f1-score": 0.5106382978723404,
      "support": 24.0
    },
    "13": {
      "precision": 0.45,
      "recall": 0.75,
      "f1-score": 0.5625,
      "support": 12.0
    },
    "14": {
      "precision": 0.47619047619047616,
      "recall": 0.7272727272727273,
      "f1-score": 0.5755395683453237,
      "support": 55.0
    },
    "accuracy": 0.6405038759689923,
    "macro avg": {
      "precision": 0.6146785318580941,
      "recall": 0.6568630099017783,
      "f1-score": 0.6275361501258254,
      "support": 1032.0
    },
    "weighted avg": {
      "precision": 0.6495071205829145,
      "recall": 0.6405038759689923,
      "f1-score": 0.6411579835622844,
      "support": 1032.0
    }
  },
  "time_external_season_ge_2023": {
    "1": {
      "precision": 0.6620689655172414,
      "recall": 0.6857142857142857,
      "f1-score": 0.6736842105263158,
      "support": 140.0
    },
    "2": {
      "precision": 0.5734265734265734,
      "recall": 0.6029411764705882,
      "f1-score": 0.5878136200716846,
      "support": 272.0
    },
    "3": {
      "precision": 0.6083916083916084,
      "recall": 0.47540983606557374,
      "f1-score": 0.5337423312883436,
      "support": 183.0
    },
    "4": {
      "precision": 0.6218905472636815,
      "recall": 0.625,
      "f1-score": 0.6234413965087282,
      "support": 200.0
    },
    "5": {
      "precision": 0.6373626373626373,
      "recall": 0.5631067961165048,
      "f1-score": 0.5979381443298969,
      "support": 206.0
    },
    "6": {
      "precision": 0.636734693877551,
      "recall": 0.6419753086419753,
      "f1-score": 0.639344262295082,
      "support": 243.0
    },
    "7": {
      "precision": 0.5059523809523809,
      "recall": 0.5448717948717948,
      "f1-score": 0.5246913580246914,
      "support": 156.0
    },
    "8": {
      "precision": 0.6483516483516484,
      "recall": 0.5042735042735043,
      "f1-score": 0.5673076923076923,
      "support": 117.0
    },
    "9": {
      "precision": 0.4925373134328358,
      "recall": 0.717391304347826,
      "f1-score": 0.584070796460177,
      "support": 46.0
    },
    "10": {
      "precision": 0.5932203389830508,
      "recall": 0.660377358490566,
      "f1-score": 0.625,
      "support": 53.0
    },
    "11": {
      "precision": 0.8888888888888888,
      "recall": 0.5581395348837209,
      "f1-score": 0.6857142857142857,
      "support": 43.0
    },
    "12": {
      "precision": 0.6470588235294118,
      "recall": 0.6285714285714286,
      "f1-score": 0.6376811594202898,
      "support": 35.0
    },
    "13": {
      "precision": 0.6666666666666666,
      "recall": 0.5714285714285714,
      "f1-score": 0.6153846153846154,
      "support": 28.0
    },
    "14": {
      "precision": 0.456,
      "recall": 0.76,
      "f1-score": 0.57,
      "support": 75.0
    },
    "accuracy": 0.5982192543127435,
    "macro avg": {
      "precision": 0.6170393633317268,
      "recall": 0.6099429214197386,
      "f1-score": 0.6047009908808431,
      "support": 1797.0
    },
    "weighted avg": {
      "precision": 0.6082458248324628,
      "recall": 0.5982192543127435,
      "f1-score": 0.5982774435812866,
      "support": 1797.0
    }
  },
  "random_stratified_holdout": {
    "1": {
      "precision": 0.6075949367088608,
      "recall": 0.676056338028169,
      "f1-score": 0.64,
      "support": 71.0
    },
    "2": {
      "precision": 0.6893939393939394,
      "recall": 0.6691176470588235,
      "f1-score": 0.6791044776119403,
      "support": 136.0
    },
    "3": {
      "precision": 0.6721311475409836,
      "recall": 0.43157894736842106,
      "f1-score": 0.5256410256410257,
      "support": 95.0
    },
    "4": {
      "precision": 0.6470588235294118,
      "recall": 0.6936936936936937,
      "f1-score": 0.6695652173913044,
      "support": 111.0
    },
    "5": {
      "precision": 0.6352941176470588,
      "recall": 0.5684210526315789,
      "f1-score": 0.6,
      "support": 95.0
    },
    "6": {
      "precision": 0.7525773195876289,
      "recall": 0.6186440677966102,
      "f1-score": 0.6790697674418604,
      "support": 118.0
    },
    "7": {
      "precision": 0.5963302752293578,
      "recall": 0.6989247311827957,
      "f1-score": 0.6435643564356436,
      "support": 93.0
    },
    "8": {
      "precision": 0.7288135593220338,
      "recall": 0.6231884057971014,
      "f1-score": 0.671875,
      "support": 69.0
    },
    "9": {
      "precision": 0.7096774193548387,
      "recall": 0.7586206896551724,
      "f1-score": 0.7333333333333333,
      "support": 29.0
    },
    "10": {
      "precision": 0.5555555555555556,
      "recall": 0.8,
      "f1-score": 0.6557377049180327,
      "support": 25.0
    },
    "11": {
      "precision": 0.48148148148148145,
      "recall": 0.6190476190476191,
      "f1-score": 0.5416666666666666,
      "support": 21.0
    },
    "12": {
      "precision": 0.5,
      "recall": 0.6,
      "f1-score": 0.5454545454545454,
      "support": 20.0
    },
    "13": {
      "precision": 0.5555555555555556,
      "recall": 0.6666666666666666,
      "f1-score": 0.6060606060606061,
      "support": 15.0
    },
    "14": {
      "precision": 0.5,
      "recall": 0.7142857142857143,
      "f1-score": 0.5882352941176471,
      "support": 49.0
    },
    "accuracy": 0.6378035902851109,
    "macro avg": {
      "precision": 0.616533152207622,
      "recall": 0.652731826658026,
      "f1-score": 0.6270934282194718,
      "support": 947.0
    },
    "weighted avg": {
      "precision": 0.6493038007012124,
      "recall": 0.6378035902851109,
      "f1-score": 0.6370175046775003,
      "support": 947.0
    }
  }
}