{
  "athlete_group_holdout": {
    "0": {
      "precision": 0.8495934959349594,
      "recall": 0.9288888888888889,
      "f1-score": 0.8874734607218684,
      "support": 675.0
    },
    "1": {
      "precision": 0.9185059422750425,
      "recall": 0.8297546012269938,
      "f1-score": 0.8718775181305399,
      "support": 652.0
    },
    "accuracy": 0.880180859080633,
    "macro avg": {
      "precision": 0.884049719105001,
      "recall": 0.8793217450579414,
      "f1-score": 0.8796754894262042,
      "support": 1327.0
    },
    "weighted avg": {
      "precision": 0.8834525125240583,
      "recall": 0.880180859080633,
      "f1-score": 0.8798106464268072,
      "support": 1327.0
    }
  },
  "time_external_season_ge_2023": {
    "0": {
      "precision": 0.8941605839416058,
      "recall": 0.842503438789546,
      "f1-score": 0.8675637393767706,
      "support": 1454.0
    },
    "1": {
      "precision": 0.8027562446167097,
      "recall": 0.8653667595171773,
      "f1-score": 0.8328865058087578,
      "support": 1077.0
    },
    "accuracy": 0.8522323192414065,
    "macro avg": {
      "precision": 0.8484584142791578,
      "recall": 0.8539350991533616,
      "f1-score": 0.8502251225927642,
      "support": 2531.0
    },
    "weighted avg": {
      "precision": 0.855265888780439,
      "recall": 0.8522323192414065,
      "f1-score": 0.8528077612840209,
      "support": 2531.0
    }
  },
  "random_stratified_holdout": {
    "0": {
      "precision": 0.8545454545454545,
      "recall": 0.9038461538461539,
      "f1-score": 0.8785046728971962,
      "support": 624.0
    },
    "1": {
      "precision": 0.8795180722891566,
      "recall": 0.8202247191011236,
      "f1-score": 0.8488372093023255,
      "support": 534.0
    },
    "accuracy": 0.8652849740932642,
    "macro avg": {
      "precision": 0.8670317634173055,
      "recall": 0.8620354364736387,
      "f1-score": 0.863670941099761,
      "support": 1158.0
    },
    "weighted avg": {
      "precision": 0.8660613249039493,
      "recall": 0.8652849740932642,
      "f1-score": 0.8648238218094062,
      "support": 1158.0
    }
  }
}