{
  "athlete_group_holdout": {
    "0": {
      "precision": 0.7568627450980392,
      "recall": 0.6892857142857143,
      "f1-score": 0.7214953271028037,
      "support": 280.0
    },
    "1": {
      "precision": 0.3333333333333333,
      "recall": 0.36086956521739133,
      "f1-score": 0.3465553235908142,
      "support": 230.0
    },
    "2": {
      "precision": 0.3015267175572519,
      "recall": 0.3623853211009174,
      "f1-score": 0.32916666666666666,
      "support": 218.0
    },
    "3": {
      "precision": 0.7125984251968503,
      "recall": 0.6198630136986302,
      "f1-score": 0.663003663003663,
      "support": 292.0
    },
    "accuracy": 0.5254901960784314,
    "macro avg": {
      "precision": 0.5260803052963687,
      "recall": 0.5081009035756633,
      "f1-score": 0.5150552450909869,
      "support": 1020.0
    },
    "weighted avg": {
      "precision": 0.5513723528226263,
      "recall": 0.5254901960784314,
      "f1-score": 0.536354724455956,
      "support": 1020.0
    }
  },
  "time_external_season_ge_2023": {
    "0": {
      "precision": 0.6358885017421603,
      "recall": 0.6759259259259259,
      "f1-score": 0.6552962298025135,
      "support": 540.0
    },
    "1": {
      "precision": 0.4153846153846154,
      "recall": 0.3724137931034483,
      "f1-score": 0.3927272727272727,
      "support": 580.0
    },
    "2": {
      "precision": 0.2778675282714055,
      "recall": 0.37636761487964987,
      "f1-score": 0.31970260223048325,
      "support": 457.0
    },
    "3": {
      "precision": 0.6551724137931034,
      "recall": 0.4991243432574431,
      "f1-score": 0.5666003976143141,
      "support": 571.0
    },
    "accuracy": 0.48324022346368717,
    "macro avg": {
      "precision": 0.4960782647978212,
      "recall": 0.4809579192916168,
      "f1-score": 0.48358162559364587,
      "support": 2148.0
    },
    "weighted avg": {
      "precision": 0.5053034341525781,
      "recall": 0.48324022346368717,
      "f1-score": 0.4894202507133518,
      "support": 2148.0
    }
  },
  "random_stratified_holdout": {
    "0": {
      "precision": 0.6639004149377593,
      "recall": 0.5970149253731343,
      "f1-score": 0.6286836935166994,
      "support": 268.0
    },
    "1": {
      "precision": 0.40131578947368424,
      "recall": 0.45692883895131087,
      "f1-score": 0.4273204903677758,
      "support": 267.0
    },
    "2": {
      "precision": 0.43037974683544306,
      "recall": 0.38202247191011235,
      "f1-score": 0.40476190476190477,
      "support": 267.0
    },
    "3": {
      "precision": 0.625,
      "recall": 0.6716417910447762,
      "f1-score": 0.6474820143884892,
      "support": 268.0
    },
    "accuracy": 0.5271028037383177,
    "macro avg": {
      "precision": 0.5301489878117216,
      "recall": 0.5269020068198335,
      "f1-score": 0.5270620257587173,
      "support": 1070.0
    },
    "weighted avg": {
      "precision": 0.5303626349512678,
      "recall": 0.5271028037383177,
      "f1-score": 0.5272695413254347,
      "support": 1070.0
    }
  }
}