{
  "athlete_group_holdout": {
    "0": {
      "precision": 0.7945301542776999,
      "recall": 0.741977734119188,
      "f1-score": 0.7673552319674907,
      "support": 1527.0
    },
    "1": {
      "precision": 0.5817409766454352,
      "recall": 0.6516052318668252,
      "f1-score": 0.6146943353897925,
      "support": 841.0
    },
    "accuracy": 0.7098817567567568,
    "macro avg": {
      "precision": 0.6881355654615675,
      "recall": 0.6967914829930066,
      "f1-score": 0.6910247836786416,
      "support": 2368.0
    },
    "weighted avg": {
      "precision": 0.718957646512187,
      "recall": 0.7098817567567568,
      "f1-score": 0.7131374051001578,
      "support": 2368.0
    }
  },
  "time_external_season_ge_2023": {
    "0": {
      "precision": 0.8342927631578947,
      "recall": 0.6656824146981627,
      "f1-score": 0.7405109489051095,
      "support": 3048.0
    },
    "1": {
      "precision": 0.5213715359323626,
      "recall": 0.7336417713152676,
      "f1-score": 0.6095551894563427,
      "support": 1513.0
    },
    "accuracy": 0.6882262661696996,
    "macro avg": {
      "precision": 0.6778321495451287,
      "recall": 0.6996620930067152,
      "f1-score": 0.675033069180726,
      "support": 4561.0
    },
    "weighted avg": {
      "precision": 0.7304888129732355,
      "recall": 0.6882262661696996,
      "f1-score": 0.6970695842820039,
      "support": 4561.0
    }
  },
  "random_stratified_holdout": {
    "0": {
      "precision": 0.7782515991471215,
      "recall": 0.7832618025751072,
      "f1-score": 0.7807486631016043,
      "support": 1398.0
    },
    "1": {
      "precision": 0.6422668240850059,
      "recall": 0.6355140186915887,
      "f1-score": 0.6388725778038755,
      "support": 856.0
    },
    "accuracy": 0.7271517302573203,
    "macro avg": {
      "precision": 0.7102592116160638,
      "recall": 0.709387910633348,
      "f1-score": 0.7098106204527399,
      "support": 2254.0
    },
    "weighted avg": {
      "precision": 0.7266087564438514,
      "recall": 0.7271517302573203,
      "f1-score": 0.7268684816398225,
      "support": 2254.0
    }
  }
}