{
  "athlete_group_holdout": {
    "1": {
      "precision": 0.8056872037914692,
      "recall": 0.8585858585858586,
      "f1-score": 0.8312958435207825,
      "support": 198.0
    },
    "2": {
      "precision": 0.7671568627450981,
      "recall": 0.7113636363636363,
      "f1-score": 0.7382075471698113,
      "support": 440.0
    },
    "3": {
      "precision": 0.7454545454545455,
      "recall": 0.5616438356164384,
      "f1-score": 0.640625,
      "support": 219.0
    },
    "4": {
      "precision": 0.6535433070866141,
      "recall": 0.6240601503759399,
      "f1-score": 0.6384615384615384,
      "support": 133.0
    },
    "5": {
      "precision": 0.6274509803921569,
      "recall": 0.7191011235955056,
      "f1-score": 0.6701570680628273,
      "support": 89.0
    },
    "6": {
      "precision": 0.6,
      "recall": 0.8674698795180723,
      "f1-score": 0.7093596059113301,
      "support": 83.0
    },
    "7": {
      "precision": 0.5955056179775281,
      "recall": 0.7162162162162162,
      "f1-score": 0.6503067484662577,
      "support": 74.0
    },
    "8": {
      "precision": 0.7010309278350515,
      "recall": 0.8095238095238095,
      "f1-score": 0.7513812154696132,
      "support": 84.0
    },
    "9": {
      "precision": 0.7692307692307693,
      "recall": 0.7723577235772358,
      "f1-score": 0.77079107505071,
      "support": 246.0
    },
    "accuracy": 0.7254150702426565,
    "macro avg": {
      "precision": 0.6961178016125814,
      "recall": 0.7378135814858571,
      "f1-score": 0.7111761824569857,
      "support": 1566.0
    },
    "weighted avg": {
      "precision": 0.7312125232501736,
      "recall": 0.7254150702426565,
      "f1-score": 0.7241342973715669,
      "support": 1566.0
    }
  },
  "time_external_season_ge_2023": {
    "1": {
      "precision": 0.7308781869688386,
      "recall": 0.8242811501597445,
      "f1-score": 0.7747747747747747,
      "support": 313.0
    },
    "2": {
      "precision": 0.6821266968325792,
      "recall": 0.6883561643835616,
      "f1-score": 0.6852272727272727,
      "support": 876.0
    },
    "3": {
      "precision": 0.6829268292682927,
      "recall": 0.5221445221445221,
      "f1-score": 0.5918097754293263,
      "support": 429.0
    },
    "4": {
      "precision": 0.5136986301369864,
      "recall": 0.539568345323741,
      "f1-score": 0.5263157894736842,
      "support": 278.0
    },
    "5": {
      "precision": 0.5445544554455446,
      "recall": 0.6214689265536724,
      "f1-score": 0.5804749340369393,
      "support": 177.0
    },
    "6": {
      "precision": 0.6609195402298851,
      "recall": 0.7371794871794872,
      "f1-score": 0.696969696969697,
      "support": 156.0
    },
    "7": {
      "precision": 0.7371428571428571,
      "recall": 0.6615384615384615,
      "f1-score": 0.6972972972972973,
      "support": 195.0
    },
    "8": {
      "precision": 0.6847826086956522,
      "recall": 0.7159090909090909,
      "f1-score": 0.7,
      "support": 176.0
    },
    "9": {
      "precision": 0.7372881355932204,
      "recall": 0.75,
      "f1-score": 0.7435897435897436,
      "support": 464.0
    },
    "accuracy": 0.6733028720626631,
    "macro avg": {
      "precision": 0.6638131044793174,
      "recall": 0.6733829053546979,
      "f1-score": 0.6662732538109705,
      "support": 3064.0
    },
    "weighted avg": {
      "precision": 0.6749176129109123,
      "recall": 0.6733028720626631,
      "f1-score": 0.671878501500289,
      "support": 3064.0
    }
  },
  "random_stratified_holdout": {
    "1": {
      "precision": 0.8042328042328042,
      "recall": 0.8128342245989305,
      "f1-score": 0.8085106382978723,
      "support": 187.0
    },
    "2": {
      "precision": 0.7632311977715878,
      "recall": 0.6867167919799498,
      "f1-score": 0.7229551451187335,
      "support": 399.0
    },
    "3": {
      "precision": 0.671957671957672,
      "recall": 0.6446700507614214,
      "f1-score": 0.6580310880829016,
      "support": 197.0
    },
    "4": {
      "precision": 0.7037037037037037,
      "recall": 0.7364341085271318,
      "f1-score": 0.7196969696969697,
      "support": 129.0
    },
    "5": {
      "precision": 0.6666666666666666,
      "recall": 0.7901234567901234,
      "f1-score": 0.7231638418079096,
      "support": 81.0
    },
    "6": {
      "precision": 0.686046511627907,
      "recall": 0.8082191780821918,
      "f1-score": 0.7421383647798742,
      "support": 73.0
    },
    "7": {
      "precision": 0.7654320987654321,
      "recall": 0.7948717948717948,
      "f1-score": 0.779874213836478,
      "support": 78.0
    },
    "8": {
      "precision": 0.7058823529411765,
      "recall": 0.7692307692307693,
      "f1-score": 0.7361963190184049,
      "support": 78.0
    },
    "9": {
      "precision": 0.7815533980582524,
      "recall": 0.7892156862745098,
      "f1-score": 0.7853658536585366,
      "support": 204.0
    },
    "accuracy": 0.7391304347826086,
    "macro avg": {
      "precision": 0.727634045080578,
      "recall": 0.7591462290129802,
      "f1-score": 0.74177027047752,
      "support": 1426.0
    },
    "weighted avg": {
      "precision": 0.7407819335495605,
      "recall": 0.7391304347826086,
      "f1-score": 0.7386705001624903,
      "support": 1426.0
    }
  }
}